Date,S&P500(TR),S&P500(NetTR),S&P500
10/31/2007,2423.67,2320.93,1549.38
11/1/2007,2360.21,2260,1508.44
11/2/2007,2362.21,2261.88,1509.65
11/5/2007,2350.69,2250.8,1502.17
11/6/2007,2379.05,2277.94,1520.27
11/7/2007,2310.41,2211.87,1475.62
11/8/2007,2309.18,2210.66,1474.77
11/9/2007,2276.26,2179.12,1453.7
11/12/2007,2253.53,2157.36,1439.18
11/13/2007,2319.86,2220.64,1481.05
11/14/2007,2304.06,2205.34,1470.58
11/15/2007,2273.73,2176.28,1451.15
11/16/2007,2285.67,2187.7,1458.74
11/19/2007,2245.81,2149.53,1433.27
11/20/2007,2256.02,2159.26,1439.7
11/21/2007,2220.21,2124.95,1416.77
11/23/2007,2257.95,2161.01,1440.7
11/26/2007,2205.49,2110.79,1407.22
11/27/2007,2238.52,2142.38,1428.23
11/28/2007,2303.17,2204.05,1469.02
11/29/2007,2304.43,2205.2,1469.72
11/30/2007,2322.34,2222.35,1481.14
12/3/2007,2308.74,2209.31,1472.42
12/4/2007,2293.65,2194.87,1462.79
12/5/2007,2329.71,2229.02,1485.01
12/6/2007,2364.97,2262.7,1507.34
12/7/2007,2360.79,2258.68,1504.66
12/10/2007,2378.6,2275.7,1515.96
12/11/2007,2318.51,2218.21,1477.65
12/12/2007,2332.85,2231.84,1486.59
12/13/2007,2335.79,2234.63,1488.41
12/14/2007,2303.79,2203.98,1467.95
12/17/2007,2269.24,2170.91,1445.9
12/18/2007,2283.5,2184.55,1454.98
12/19/2007,2280.47,2181.63,1453
12/20/2007,2292.23,2192.71,1460.12
12/21/2007,2330.81,2229.51,1484.46
12/24/2007,2349.66,2247.54,1496.45
12/26/2007,2351.6,2249.38,1497.66
12/27/2007,2318.72,2217.77,1476.37
12/28/2007,2322.11,2220.99,1478.49
12/31/2007,2306.23,2205.8,1468.36
1/2/2008,2273.41,2174.27,1447.16
1/3/2008,2273.41,2174.28,1447.16
1/4/2008,2217.59,2120.89,1411.63
1/7/2008,2224.76,2127.74,1416.18
1/8/2008,2184.67,2089.18,1390.19
1/9/2008,2214.6,2117.76,1409.13
1/10/2008,2232.24,2134.62,1420.33
1/11/2008,2202.03,2105.68,1401.02
1/14/2008,2225.98,2128.58,1416.25
1/15/2008,2170.51,2075.54,1380.95
1/16/2008,2158.58,2064.06,1373.2
1/17/2008,2095.86,2004.06,1333.25
1/18/2008,2083.24,1991.98,1325.19
1/22/2008,2060.15,1969.9,1310.5
1/23/2008,2104.37,2012.17,1338.6
1/24/2008,2125.6,2032.46,1352.07
1/25/2008,2091.88,2000.21,1330.61
1/28/2008,2128.64,2035.35,1353.97
1/29/2008,2141.85,2047.94,1362.3
1/30/2008,2131.78,2038.28,1355.81
1/31/2008,2167.9,2072.71,1378.55
2/1/2008,2194.43,2098.07,1395.42
2/4/2008,2171.51,2076.15,1380.82
2/5/2008,2102.23,2009.86,1336.64
2/6/2008,2087.05,1995.1,1326.45
2/7/2008,2104.02,2011.17,1336.91
2/8/2008,2095.21,2002.75,1331.29
2/11/2008,2107.65,2014.61,1339.13
2/12/2008,2123.06,2029.31,1348.86
2/13/2008,2152.76,2057.47,1367.21
2/14/2008,2123.94,2029.9,1348.86
2/15/2008,2125.85,2031.69,1349.99
2/19/2008,2124.12,2029.98,1348.78
2/20/2008,2141.95,2046.99,1360.03
2/21/2008,2115.13,2021.14,1342.53
2/22/2008,2132.02,2037.22,1353.11
2/25/2008,2161.51,2065.39,1371.8
2/26/2008,2176.48,2079.68,1381.29
2/27/2008,2175,2078.13,1380.02
2/28/2008,2155.81,2059.71,1367.68
2/29/2008,2097.48,2003.96,1330.63
3/3/2008,2098.64,2005.06,1331.34
3/4/2008,2091.42,1998.16,1326.75
3/5/2008,2103.42,2009.33,1333.7
3/6/2008,2057.44,1965.31,1304.34
3/7/2008,2040.17,1948.81,1293.37
3/10/2008,2008.71,1918.73,1273.37
3/11/2008,2083.36,1990.01,1320.65
3/12/2008,2065.21,1972.51,1308.77
3/13/2008,2075.88,1982.68,1315.48
3/14/2008,2032.79,1941.5,1288.14
3/17/2008,2014.88,1924.31,1276.6
3/18/2008,2100.38,2005.95,1330.74
3/19/2008,2049.4,1957.25,1298.42
3/20/2008,2098.46,2004.11,1329.51
3/24/2008,2130.62,2034.83,1349.88
3/25/2008,2135.54,2039.52,1352.99
3/26/2008,2116.93,2021.71,1341.13
3/27/2008,2093.11,1998.84,1325.76
3/28/2008,2076.56,1983.01,1315.22
3/31/2008,2088.42,1994.32,1322.7
4/1/2008,2163.38,2065.91,1370.18
4/2/2008,2159.63,2062.2,1367.53
4/3/2008,2162.46,2064.89,1369.31
4/4/2008,2164.21,2066.56,1370.4
4/7/2008,2167.61,2069.8,1372.54
4/8/2008,2157.28,2059.73,1365.54
4/9/2008,2139.99,2043.18,1354.49
4/10/2008,2149.67,2052.38,1360.55
4/11/2008,2106.01,2010.66,1332.83
4/14/2008,2098.92,2003.88,1328.32
4/15/2008,2108.59,2013.11,1334.43
4/16/2008,2156.67,2058.95,1364.71
4/17/2008,2158.08,2060.27,1365.56
4/18/2008,2197.24,2097.65,1390.33
4/21/2008,2193.87,2094.42,1388.17
4/22/2008,2174.59,2076.01,1375.94
4/23/2008,2180.91,2082.04,1379.93
4/24/2008,2194.96,2095.45,1388.82
4/25/2008,2209.25,2109.08,1397.84
4/28/2008,2207.02,2106.92,1396.37
4/29/2008,2198.5,2098.77,1390.94
4/30/2008,2190.13,2090.76,1385.59
5/1/2008,2228.09,2126.88,1409.34
5/2/2008,2235.3,2133.76,1413.9
5/5/2008,2225.37,2124.22,1407.49
5/6/2008,2242.47,2140.52,1418.26
5/7/2008,2202.77,2102.36,1392.57
5/8/2008,2210.95,2110.15,1397.68
5/9/2008,2196.54,2096.26,1388.28
5/12/2008,2220.81,2119.4,1403.58
5/13/2008,2220.46,2118.93,1403.04
5/14/2008,2229.74,2127.67,1408.66
5/15/2008,2253.76,2150.47,1423.57
5/16/2008,2256.63,2153.2,1425.35
5/19/2008,2258.74,2155.18,1426.63
5/20/2008,2237.79,2135.19,1413.4
5/21/2008,2202.02,2101.02,1390.71
5/22/2008,2208.2,2106.8,1394.35
5/23/2008,2179.05,2078.98,1375.93
5/27/2008,2193.98,2093.22,1385.35
5/28/2008,2203.1,2101.8,1390.84
5/29/2008,2215.12,2113.19,1398.26
5/30/2008,2218.5,2116.41,1400.38
6/2/2008,2195.27,2094.23,1385.67
6/3/2008,2182.65,2082.16,1377.65
6/4/2008,2183.01,2082.2,1377.2
6/5/2008,2225.74,2122.91,1404.05
6/6/2008,2157.24,2057.5,1360.68
6/9/2008,2159.03,2059.19,1361.76
6/10/2008,2153.77,2054.17,1358.44
6/11/2008,2117.84,2019.77,1335.49
6/12/2008,2124.94,2026.5,1339.87
6/13/2008,2156.96,2057.02,1360.03
6/16/2008,2157.14,2057.19,1360.14
6/17/2008,2142.55,2043.27,1350.93
6/18/2008,2121.78,2023.45,1337.81
6/19/2008,2130.3,2031.42,1342.83
6/20/2008,2090.81,1993.76,1317.93
6/23/2008,2090.94,1993.87,1318
6/24/2008,2085.08,1988.28,1314.29
6/25/2008,2097.36,1999.97,1321.97
6/26/2008,2036.4,1941.65,1283.15
6/27/2008,2028.89,1934.47,1278.38
6/30/2008,2031.47,1936.93,1280
7/1/2008,2039.66,1944.63,1284.91
7/2/2008,2002.64,1909.3,1261.52
7/3/2008,2004.87,1911.41,1262.9
7/7/2008,1988.09,1895.41,1252.31
7/8/2008,2022.83,1928.31,1273.7
7/9/2008,1976.97,1884.53,1244.69
7/10/2008,1990.78,1897.7,1253.39
7/11/2008,1968.86,1876.76,1239.49
7/14/2008,1951.08,1859.81,1228.3
7/15/2008,1929.85,1839.56,1214.91
7/16/2008,1978.47,1885.84,1245.36
7/17/2008,2002.3,1908.53,1260.32
7/18/2008,2002.88,1909.08,1260.68
7/21/2008,2001.86,1908.09,1260
7/22/2008,2028.91,1933.86,1277
7/23/2008,2037.15,1941.72,1282.19
7/24/2008,1990.09,1896.85,1252.54
7/25/2008,1998.41,1904.77,1257.76
7/28/2008,1961.23,1869.34,1234.37
7/29/2008,2007.21,1913.12,1263.2
7/30/2008,2040.81,1945.1,1284.26
7/31/2008,2014.39,1919.81,1267.38
8/1/2008,2003.16,1909.1,1260.31
8/4/2008,1985.23,1892.01,1249.01
8/5/2008,2042.44,1946.47,1284.88
8/6/2008,2050.23,1953.62,1289.19
8/7/2008,2013.66,1918.72,1266.07
8/8/2008,2061.77,1964.57,1296.32
8/11/2008,2076.59,1978.54,1305.32
8/12/2008,2051.66,1954.76,1289.59
8/13/2008,2046.35,1949.51,1285.83
8/14/2008,2057.72,1960.32,1292.93
8/15/2008,2066.36,1968.48,1298.2
8/18/2008,2035.3,1938.85,1278.6
8/19/2008,2016.52,1920.91,1266.69
8/20/2008,2029.15,1932.91,1274.54
8/21/2008,2034.35,1937.82,1277.72
8/22/2008,2057.64,1959.93,1292.2
8/25/2008,2017.27,1921.48,1266.84
8/26/2008,2024.72,1928.58,1271.51
8/27/2008,2041.24,1944.21,1281.66
8/28/2008,2071.86,1973.28,1300.68
8/29/2008,2043.53,1946.27,1282.83
9/2/2008,2035.24,1938.35,1277.58
9/3/2008,2032.13,1935.09,1274.98
9/4/2008,1971.37,1877.22,1236.83
9/5/2008,1980.18,1885.59,1242.31
9/8/2008,2021.13,1924.49,1267.79
9/9/2008,1952.14,1858.79,1224.51
9/10/2008,1964.25,1870.29,1232.04
9/11/2008,1992,1896.54,1249.05
9/12/2008,1996.25,1900.58,1251.7
9/15/2008,1902.17,1811,1192.7
9/16/2008,1935.49,1842.72,1213.59
9/17/2008,1844.31,1755.89,1156.39
9/18/2008,1924.85,1832.41,1206.51
9/19/2008,2002.32,1906.16,1255.08
9/22/2008,1925.85,1833.34,1207.09
9/23/2008,1895.78,1804.7,1188.22
9/24/2008,1892.05,1801.14,1185.87
9/25/2008,1929.24,1836.55,1209.18
9/26/2008,1935.79,1842.66,1213.01
9/29/2008,1765.72,1680.75,1106.39
9/30/2008,1861.44,1771.86,1166.36
10/1/2008,1853.26,1764,1161.06
10/2/2008,1778.9,1693.12,1114.28
10/3/2008,1754.91,1670.28,1099.23
10/6/2008,1687.34,1605.96,1056.89
10/7/2008,1590.51,1513.8,996.23
10/8/2008,1573.34,1497.21,984.94
10/9/2008,1453.52,1383.18,909.92
10/10/2008,1436.56,1367.01,899.22
10/13/2008,1602.93,1525.32,1003.35
10/14/2008,1594.41,1517.21,998.01
10/15/2008,1450.5,1380.23,907.84
10/16/2008,1512.21,1438.93,946.43
10/17/2008,1502.84,1430.01,940.55
10/20/2008,1574.5,1498.19,985.4
10/21/2008,1526.02,1452.06,955.05
10/22/2008,1433.22,1363.67,896.78
10/23/2008,1451.37,1380.93,908.11
10/24/2008,1401.29,1333.28,876.77
10/27/2008,1356.78,1290.93,848.92
10/28/2008,1503.16,1430.2,940.51
10/29/2008,1486.73,1414.5,930.09
10/30/2008,1525.37,1451.18,954.09
10/31/2008,1548.81,1473.49,968.75
11/3/2008,1544.91,1469.78,966.3
11/4/2008,1608,1529.79,1005.75
11/5/2008,1524.21,1449.82,952.77
11/6/2008,1448.01,1377.22,904.88
11/7/2008,1490.31,1417.3,930.99
11/10/2008,1471.64,1399.49,919.21
11/11/2008,1439.22,1368.66,898.95
11/12/2008,1365.15,1298.04,852.3
11/13/2008,1459.82,1388.01,911.29
11/14/2008,1399.2,1330.29,873.29
11/17/2008,1363.14,1295.99,850.75
11/18/2008,1376.81,1308.92,859.12
11/19/2008,1292.76,1228.97,806.58
11/20/2008,1206.04,1146.51,752.44
11/21/2008,1282.59,1219.21,800.03
11/24/2008,1365.63,1298.14,851.81
11/25/2008,1374.79,1306.78,857.39
11/26/2008,1423.9,1353.31,887.68
11/28/2008,1437.68,1366.39,896.24
12/1/2008,1309.39,1244.44,816.21
12/2/2008,1361.79,1294.21,848.81
12/3/2008,1397.72,1328.14,870.74
12/4/2008,1356.81,1289.26,845.22
12/5/2008,1406.36,1336.33,876.07
12/8/2008,1460.6,1387.8,909.7
12/9/2008,1426.88,1355.74,888.67
12/10/2008,1444,1371.97,899.24
12/11/2008,1403.2,1333.09,873.59
12/12/2008,1413.07,1342.47,879.73
12/15/2008,1395.21,1325.48,868.57
12/16/2008,1466.87,1393.56,913.18
12/17/2008,1452.88,1380.24,904.42
12/18/2008,1422.19,1351.07,885.28
12/19/2008,1426.39,1355.06,887.88
12/22/2008,1400.42,1330.35,871.63
12/23/2008,1387.08,1317.6,863.16
12/24/2008,1395.76,1325.65,868.15
12/26/2008,1403.22,1332.75,872.8
12/29/2008,1398.25,1327.89,869.42
12/30/2008,1432.65,1360.48,890.64
12/31/2008,1452.98,1379.78,903.25
1/2/2009,1499.17,1423.56,931.8
1/5/2009,1492.21,1416.94,927.45
1/6/2009,1503.87,1428.01,934.7
1/7/2009,1459.58,1385.72,906.65
1/8/2009,1464.6,1390.47,909.73
1/9/2009,1433.41,1360.86,890.35
1/12/2009,1401.07,1330.15,870.26
1/13/2009,1403.63,1332.55,871.79
1/14/2009,1356.79,1288.05,842.62
1/15/2009,1358.64,1289.79,843.74
1/16/2009,1368.92,1299.55,850.12
1/20/2009,1296.63,1230.92,805.22
1/21/2009,1353.33,1284.66,840.24
1/22/2009,1332.84,1265.2,827.5
1/23/2009,1340.02,1272.01,831.95
1/26/2009,1347.47,1279.08,836.57
1/27/2009,1362.18,1293.05,845.71
1/28/2009,1408.07,1336.56,874.09
1/29/2009,1361.54,1292.36,845.14
1/30/2009,1330.51,1262.91,825.88
2/2/2009,1329.81,1262.24,825.44
2/3/2009,1350.88,1282.24,838.51
2/4/2009,1341.77,1273.3,832.23
2/5/2009,1363.82,1294.2,845.85
2/6/2009,1401.06,1329.39,868.6
2/9/2009,1403.19,1331.39,869.89
2/10/2009,1334.3,1266.02,827.16
2/11/2009,1345.5,1276.47,833.74
2/12/2009,1348.15,1278.9,835.19
2/13/2009,1334.83,1266.22,826.84
2/17/2009,1274.26,1208.69,789.17
2/18/2009,1273.29,1207.71,788.42
2/19/2009,1258.82,1193.74,778.94
2/20/2009,1244.72,1180.29,770.05
2/23/2009,1201.56,1139.36,743.33
2/24/2009,1249.76,1185.06,773.14
2/25/2009,1236.74,1172.63,764.9
2/26/2009,1217.49,1154.3,752.83
2/27/2009,1188.84,1127.13,735.09
3/2/2009,1133.43,1074.59,700.82
3/3/2009,1126.18,1067.71,696.33
3/4/2009,1153.35,1093.35,712.87
3/5/2009,1104.38,1046.91,682.55
3/6/2009,1106,1048.36,683.38
3/9/2009,1095.04,1037.94,676.53
3/10/2009,1164.83,1104.07,719.6
3/11/2009,1168.07,1107.03,721.36
3/12/2009,1215.87,1152.27,750.74
3/13/2009,1225.32,1161.21,756.55
3/16/2009,1221.03,1157.14,753.89
3/17/2009,1260.29,1194.34,778.12
3/18/2009,1286.62,1219.28,794.35
3/19/2009,1269.93,1203.46,784.04
3/20/2009,1244.85,1179.69,768.54
3/23/2009,1333.21,1263.34,822.92
3/24/2009,1306.03,1237.58,806.12
3/25/2009,1318.61,1249.49,813.88
3/26/2009,1349.37,1278.64,832.86
3/27/2009,1322.19,1252.81,815.94
3/30/2009,1276.22,1209.25,787.53
3/31/2009,1292.98,1225.12,797.87
4/1/2009,1314.63,1245.56,811.08
4/2/2009,1352.47,1281.4,834.38
4/3/2009,1365.66,1293.89,842.5
4/6/2009,1354.36,1283.16,835.48
4/7/2009,1322.91,1253.12,815.55
4/8/2009,1338.53,1267.9,825.16
4/9/2009,1389.49,1316.16,856.56
4/13/2009,1393.13,1319.58,858.73
4/14/2009,1365.2,1293.12,841.5
4/15/2009,1382.36,1309.36,852.06
4/16/2009,1403.89,1329.74,865.3
4/17/2009,1410.85,1336.34,869.6
4/20/2009,1350.52,1279.19,832.39
4/21/2009,1379.22,1306.37,850.08
4/22/2009,1368.92,1296.53,843.55
4/23/2009,1382.52,1309.41,851.92
4/24/2009,1405.74,1331.4,866.23
4/27/2009,1391.58,1317.99,857.51
4/28/2009,1387.82,1314.42,855.16
4/29/2009,1417.99,1342.94,873.64
4/30/2009,1416.73,1341.72,872.81
5/1/2009,1424.41,1348.98,877.52
5/4/2009,1472.64,1394.66,907.24
5/5/2009,1467.25,1389.5,903.8
5/6/2009,1493.31,1414.03,919.53
5/7/2009,1473.66,1395.41,907.39
5/8/2009,1509.14,1429,929.23
5/11/2009,1477.2,1398.61,909.24
5/12/2009,1475.83,1397.28,908.35
5/13/2009,1436.74,1360.11,883.92
5/14/2009,1451.79,1374.3,893.07
5/15/2009,1435.48,1358.79,882.88
5/18/2009,1479.24,1400.18,909.71
5/19/2009,1476.94,1397.92,908.13
5/20/2009,1469.47,1390.82,903.47
5/21/2009,1445.28,1367.8,888.33
5/22/2009,1443.14,1365.77,887
5/26/2009,1481.1,1401.7,910.33
5/27/2009,1453.28,1375.29,893.06
5/28/2009,1475.94,1396.66,906.83
5/29/2009,1495.97,1415.61,919.14
6/1/2009,1534.65,1452.2,942.87
6/2/2009,1537.69,1455.08,944.74
6/3/2009,1516.88,1435.3,931.76
6/4/2009,1534.59,1451.97,942.46
6/5/2009,1530.82,1448.38,940.09
6/8/2009,1529.59,1447.12,939.14
6/9/2009,1535.03,1452.25,942.43
6/10/2009,1529.76,1447.24,939.15
6/11/2009,1539.5,1456.35,944.89
6/12/2009,1541.7,1458.41,946.21
6/15/2009,1505.06,1423.75,923.72
6/16/2009,1485.92,1405.64,911.97
6/17/2009,1483.9,1403.72,910.71
6/18/2009,1496.59,1415.67,918.37
6/19/2009,1501.25,1420.07,921.23
6/22/2009,1455.54,1376.78,893.04
6/23/2009,1458.92,1379.96,895.1
6/24/2009,1468.48,1389,900.94
6/25/2009,1499.98,1418.79,920.26
6/26/2009,1498.08,1416.9,918.9
6/29/2009,1511.7,1429.77,927.23
6/30/2009,1498.94,1417.67,919.32
7/1/2009,1505.64,1423.96,923.33
7/2/2009,1461.8,1382.48,896.42
7/6/2009,1465.58,1386.05,898.72
7/7/2009,1436.74,1358.78,881.03
7/8/2009,1435.2,1357.07,879.56
7/9/2009,1440.3,1361.9,882.68
7/10/2009,1434.5,1356.41,879.13
7/13/2009,1470.43,1390.34,901.05
7/14/2009,1478.24,1397.72,905.84
7/15/2009,1522.09,1439.17,932.68
7/16/2009,1535.3,1451.65,940.74
7/17/2009,1534.7,1451.08,940.38
7/20/2009,1552.26,1467.68,951.13
7/21/2009,1557.91,1473.02,954.58
7/22/2009,1557.37,1472.42,954.07
7/23/2009,1593.65,1506.72,976.29
7/24/2009,1598.5,1511.31,979.26
7/27/2009,1603.26,1515.81,982.18
7/28/2009,1599.09,1511.87,979.62
7/29/2009,1592,1505.1,975.15
7/30/2009,1611.14,1523.14,986.75
7/31/2009,1612.31,1524.25,987.48
8/3/2009,1637.06,1547.64,1002.63
8/4/2009,1642.03,1552.34,1005.65
8/5/2009,1637.81,1548.19,1002.72
8/6/2009,1628.82,1539.62,997.08
8/7/2009,1650.73,1560.33,1010.48
8/10/2009,1645.26,1555.14,1007.1
8/11/2009,1624.91,1535.77,994.35
8/12/2009,1644.23,1553.86,1005.81
8/13/2009,1655.66,1564.63,1012.73
8/14/2009,1641.54,1551.29,1004.09
8/17/2009,1602.06,1513.88,979.73
8/18/2009,1618.6,1529.43,989.67
8/19/2009,1629.92,1540.07,996.46
8/20/2009,1647.85,1556.99,1007.37
8/21/2009,1678.84,1586.18,1026.13
8/24/2009,1677.94,1585.33,1025.57
8/25/2009,1681.92,1589.08,1028
8/26/2009,1682.29,1589.39,1028.12
8/27/2009,1687.16,1593.93,1030.98
8/28/2009,1684.05,1590.92,1028.93
8/31/2009,1670.52,1578.13,1020.62
9/1/2009,1633.63,1543.25,998.04
9/2/2009,1628.66,1538.44,994.75
9/3/2009,1642.68,1551.65,1003.24
9/4/2009,1664.34,1572.08,1016.4
9/8/2009,1679.32,1586.15,1025.39
9/9/2009,1692.48,1598.56,1033.37
9/10/2009,1710.14,1615.23,1044.14
9/11/2009,1708.19,1613.29,1042.73
9/14/2009,1719.04,1623.53,1049.34
9/15/2009,1724.45,1628.63,1052.63
9/16/2009,1750.91,1653.61,1068.76
9/17/2009,1745.8,1648.71,1065.49
9/18/2009,1750.43,1653.08,1068.3
9/21/2009,1744.47,1647.45,1064.66
9/22/2009,1755.99,1658.32,1071.66
9/23/2009,1738.32,1641.62,1060.87
9/24/2009,1722.02,1626.17,1050.78
9/25/2009,1711.53,1616.26,1044.38
9/28/2009,1742.32,1645.25,1062.98
9/29/2009,1738.48,1641.61,1060.61
9/30/2009,1732.86,1636.26,1057.08
10/1/2009,1688.24,1594.12,1029.85
10/2/2009,1680.7,1586.98,1025.21
10/5/2009,1705.73,1610.61,1040.46
10/6/2009,1729.14,1632.7,1054.72
10/7/2009,1734.74,1637.74,1057.58
10/8/2009,1747.7,1649.97,1065.48
10/9/2009,1757.6,1659.3,1071.49
10/12/2009,1765.31,1666.58,1076.19
10/13/2009,1760.51,1662.02,1073.19
10/14/2009,1791.47,1691.22,1092.02
10/15/2009,1798.91,1698.25,1096.56
10/16/2009,1784.35,1684.5,1087.68
10/19/2009,1801.12,1700.34,1097.91
10/20/2009,1789.93,1689.76,1091.06
10/21/2009,1774.33,1674.96,1081.4
10/22/2009,1793.34,1692.87,1092.91
10/23/2009,1771.5,1672.26,1079.6
10/26/2009,1750.75,1652.67,1066.95
10/27/2009,1744.95,1647.19,1063.41
10/28/2009,1711.09,1615.16,1042.63
10/29/2009,1749.76,1651.62,1066.11
10/30/2009,1700.67,1605.28,1036.19
11/2/2009,1711.65,1615.64,1042.88
11/3/2009,1715.81,1619.57,1045.41
11/4/2009,1718.21,1621.66,1046.5
11/5/2009,1751.45,1652.98,1066.63
11/6/2009,1756.07,1657.27,1069.3
11/9/2009,1795.56,1694.42,1093.08
11/10/2009,1795.9,1694.61,1093.01
11/11/2009,1804.93,1703.13,1098.51
11/12/2009,1786.66,1685.82,1087.24
11/13/2009,1796.93,1695.51,1093.48
11/16/2009,1823.29,1720.28,1109.3
11/17/2009,1825.18,1722,1110.32
11/18/2009,1824.61,1721.38,1109.8
11/19/2009,1800.12,1698.27,1094.9
11/20/2009,1794.65,1693.02,1091.38
11/23/2009,1819.17,1716.14,1106.24
11/24/2009,1818.31,1715.3,1105.65
11/25/2009,1826.74,1723.18,1110.63
11/27/2009,1795.7,1693.77,1091.49
11/30/2009,1802.68,1700.31,1095.63
12/1/2009,1824.54,1720.9,1108.86
12/2/2009,1825.4,1721.64,1109.24
12/3/2009,1810.13,1707.22,1099.92
12/4/2009,1820.11,1716.63,1105.98
12/7/2009,1815.7,1712.45,1103.25
12/8/2009,1797.31,1695.04,1091.94
12/9/2009,1804.1,1701.39,1095.95
12/10/2009,1814.81,1711.45,1102.35
12/11/2009,1821.8,1717.95,1106.41
12/14/2009,1834.55,1729.96,1114.11
12/15/2009,1824.37,1720.35,1107.93
12/16/2009,1826.45,1722.31,1109.18
12/17/2009,1804.96,1702.02,1096.08
12/18/2009,1815.5,1711.95,1102.47
12/21/2009,1834.59,1729.95,1114.05
12/22/2009,1841.17,1736.15,1118.02
12/23/2009,1845.8,1740.4,1120.59
12/24/2009,1855.5,1749.54,1126.48
12/28/2009,1857.89,1751.72,1127.78
12/29/2009,1855.61,1749.49,1126.2
12/30/2009,1856.14,1749.94,1126.42
12/31/2009,1837.5,1732.36,1115.1
1/4/2010,1867.06,1760.21,1132.99
1/5/2010,1872.9,1765.7,1136.52
1/6/2010,1874.73,1767.2,1137.14
1/7/2010,1882.34,1774.35,1141.69
1/8/2010,1887.77,1779.46,1144.98
1/11/2010,1891.06,1782.56,1146.98
1/12/2010,1873.32,1765.84,1136.22
1/13/2010,1889.1,1780.66,1145.68
1/14/2010,1893.72,1785.01,1148.46
1/15/2010,1873.3,1765.74,1136.03
1/19/2010,1896.72,1787.81,1150.23
1/20/2010,1876.9,1769.05,1138.04
1/21/2010,1841.39,1735.57,1116.48
1/22/2010,1800.61,1697.14,1091.76
1/25/2010,1808.93,1704.97,1096.78
1/26/2010,1801.34,1697.81,1092.17
1/27/2010,1810.21,1706.15,1097.5
1/28/2010,1788.97,1686.09,1084.53
1/29/2010,1771.4,1669.52,1073.87
2/1/2010,1796.67,1693.34,1089.19
2/2/2010,1819.99,1715.32,1103.32
2/3/2010,1810.64,1706.33,1097.28
2/4/2010,1754.3,1653.22,1063.11
2/5/2010,1759.38,1658.01,1066.19
2/8/2010,1744.37,1643.7,1056.74
2/9/2010,1767.18,1665.18,1070.52
2/10/2010,1763.69,1661.76,1068.13
2/11/2010,1781.01,1678,1078.47
2/12/2010,1776.5,1673.65,1075.51
2/16/2010,1808.72,1703.94,1094.87
2/17/2010,1816.7,1711.37,1099.51
2/18/2010,1828.81,1722.73,1106.75
2/19/2010,1833.09,1726.69,1109.17
2/22/2010,1831.21,1724.9,1108.01
2/23/2010,1809.05,1704.03,1094.6
2/24/2010,1826.99,1720.83,1105.24
2/25/2010,1823.64,1717.54,1102.94
2/26/2010,1826.27,1720,1104.49
3/1/2010,1844.87,1737.51,1115.71
3/2/2010,1849.17,1741.55,1118.31
3/3/2010,1850.24,1742.49,1118.79
3/4/2010,1857.2,1749.03,1122.97
3/5/2010,1883.28,1773.57,1138.7
3/8/2010,1883.29,1773.48,1138.5
3/9/2010,1886.6,1776.58,1140.45
3/10/2010,1895.38,1784.78,1145.61
3/11/2010,1903.68,1792.41,1150.24
3/12/2010,1903.29,1792.03,1149.99
3/15/2010,1904.19,1792.87,1150.51
3/16/2010,1919.02,1806.83,1159.46
3/17/2010,1930.22,1817.37,1166.21
3/18/2010,1929.63,1816.8,1165.83
3/19/2010,1919.8,1807.55,1159.9
3/22/2010,1929.64,1816.79,1165.81
3/23/2010,1943.7,1829.97,1174.17
3/24/2010,1933.04,1819.93,1167.72
3/25/2010,1929.75,1816.83,1165.73
3/26/2010,1931.18,1818.18,1166.59
3/29/2010,1942.51,1828.74,1173.22
3/30/2010,1942.81,1828.97,1173.27
3/31/2010,1936.48,1823,1169.43
4/1/2010,1950.91,1836.56,1178.1
4/5/2010,1966.44,1851.16,1187.44
4/6/2010,1969.76,1854.28,1189.44
4/7/2010,1959.04,1843.95,1182.45
4/8/2010,1965.72,1850.22,1186.44
4/9/2010,1978.86,1862.59,1194.37
4/12/2010,1982.4,1865.91,1196.48
4/13/2010,1983.91,1867.29,1197.3
4/14/2010,2006.06,1888.13,1210.65
4/15/2010,2007.74,1889.71,1211.67
4/16/2010,1975.36,1859.24,1192.13
4/19/2010,1984.32,1867.66,1197.52
4/20/2010,2000.33,1882.72,1207.17
4/21/2010,1998.31,1880.82,1205.94
4/22/2010,2002.93,1885.14,1208.67
4/23/2010,2017.19,1898.56,1217.28
4/26/2010,2008.55,1890.43,1212.05
4/27/2010,1961.6,1846.23,1183.71
4/28/2010,1974.63,1858.39,1191.36
4/29/2010,2000.34,1882.55,1206.78
4/30/2010,1967.05,1851.21,1186.69
5/3/2010,1992.87,1875.51,1202.26
5/4/2010,1945.37,1830.81,1173.6
5/5/2010,1933.25,1819.22,1165.9
5/6/2010,1870.95,1760.51,1128.15
5/7/2010,1842.32,1733.57,1110.88
5/10/2010,1923.39,1809.83,1159.73
5/11/2010,1917.25,1803.94,1155.79
5/12/2010,1944.25,1829.17,1171.67
5/13/2010,1920.76,1807.03,1157.44
5/14/2010,1884.67,1773.07,1135.68
5/17/2010,1887.11,1775.27,1136.94
5/18/2010,1860.65,1750.28,1120.8
5/19/2010,1851.28,1741.42,1115.05
5/20/2010,1779.3,1673.66,1071.59
5/21/2010,1806.05,1698.82,1087.69
5/24/2010,1782.77,1676.91,1073.65
5/25/2010,1783.4,1677.5,1074.03
5/26/2010,1773.65,1668.23,1067.95
5/27/2010,1832.61,1723.51,1103.06
5/28/2010,1809.98,1702.21,1089.41
6/1/2010,1778.99,1673.05,1070.71
6/2/2010,1825.25,1716.47,1098.38
6/3/2010,1832.72,1723.48,1102.83
6/4/2010,1769.72,1664.21,1064.88
6/7/2010,1745.87,1641.76,1050.47
6/8/2010,1765.29,1659.95,1062
6/9/2010,1754.91,1650.15,1055.69
6/10/2010,1806.69,1698.84,1086.84
6/11/2010,1815.26,1706.72,1091.6
6/14/2010,1812.02,1703.66,1089.63
6/15/2010,1854.61,1743.7,1115.23
6/16/2010,1853.62,1742.76,1114.61
6/17/2010,1856.25,1745.15,1116.04
6/18/2010,1858.7,1747.46,1117.51
6/21/2010,1851.55,1740.73,1113.2
6/22/2010,1822.05,1712.92,1095.31
6/23/2010,1816.65,1707.83,1092.04
6/24/2010,1786.13,1679.14,1073.69
6/25/2010,1791.24,1683.95,1076.76
6/28/2010,1787.94,1680.75,1074.57
6/29/2010,1732.55,1628.66,1041.24
6/30/2010,1715.23,1612.32,1030.71
7/1/2010,1709.77,1607.16,1027.37
7/2/2010,1701.86,1599.71,1022.58
7/6/2010,1710.97,1608.28,1028.06
7/7/2010,1765.42,1659.22,1060.27
7/8/2010,1782.1,1674.87,1070.25
7/9/2010,1794.94,1686.94,1077.96
7/12/2010,1796.3,1688.21,1078.75
7/13/2010,1824.07,1714.27,1095.34
7/14/2010,1823.82,1714.03,1095.17
7/15/2010,1826,1716.07,1096.48
7/16/2010,1773.43,1666.65,1064.88
7/19/2010,1784.06,1676.64,1071.25
7/20/2010,1804.48,1695.81,1083.48
7/21/2010,1781.6,1674.24,1069.59
7/22/2010,1821.76,1711.96,1093.67
7/23/2010,1836.75,1726.05,1102.66
7/26/2010,1857.34,1745.39,1115.01
7/27/2010,1855.39,1743.56,1113.84
7/28/2010,1842.66,1731.56,1106.13
7/29/2010,1835.29,1724.56,1101.53
7/30/2010,1835.4,1724.66,1101.6
8/2/2010,1875.85,1762.66,1125.86
8/3/2010,1866.87,1754.22,1120.46
8/4/2010,1878.81,1765.26,1127.24
8/5/2010,1876.51,1763.08,1125.81
8/6/2010,1869.77,1756.68,1121.64
8/9/2010,1880.06,1766.34,1127.79
8/10/2010,1868.88,1755.82,1121.06
8/11/2010,1817.13,1706.95,1089.47
8/12/2010,1807.61,1697.93,1083.61
8/13/2010,1800.39,1691.13,1079.25
8/16/2010,1800.7,1691.4,1079.38
8/17/2010,1823.18,1712.37,1092.54
8/18/2010,1826.14,1715.08,1094.16
8/19/2010,1795.24,1686.05,1075.63
8/20/2010,1788.67,1679.88,1071.69
8/23/2010,1781.47,1673.1,1067.36
8/24/2010,1755.65,1648.85,1051.87
8/25/2010,1761.62,1654.4,1055.33
8/26/2010,1748.14,1641.72,1047.22
8/27/2010,1777.6,1669.26,1064.59
8/30/2010,1751.79,1644.92,1048.92
8/31/2010,1752.55,1645.61,1049.33
9/1/2010,1804.46,1694.3,1080.29
9/2/2010,1820.98,1709.77,1090.1
9/3/2010,1845.1,1732.41,1104.51
9/7/2010,1824.05,1712.61,1091.84
9/8/2010,1836.21,1723.91,1098.87
9/9/2010,1845.09,1732.25,1104.18
9/10/2010,1854.1,1740.7,1109.55
9/13/2010,1875.41,1760.51,1121.9
9/14/2010,1874.07,1759.25,1121.1
9/15/2010,1880.74,1765.5,1125.07
9/16/2010,1880.37,1765.07,1124.66
9/17/2010,1881.93,1766.53,1125.59
9/20/2010,1910.6,1793.43,1142.71
9/21/2010,1905.74,1788.86,1139.78
9/22/2010,1896.77,1780.37,1134.28
9/23/2010,1880.97,1765.54,1124.83
9/24/2010,1920.84,1802.97,1148.67
9/27/2010,1909.98,1792.77,1142.16
9/28/2010,1919.59,1801.68,1147.7
9/29/2010,1914.84,1797.16,1144.73
9/30/2010,1908.95,1791.64,1141.2
10/1/2010,1917.42,1799.57,1146.24
10/4/2010,1902.15,1785.21,1137.03
10/5/2010,1941.82,1822.44,1160.75
10/6/2010,1941.5,1821.86,1159.97
10/7/2010,1938.31,1818.86,1158.06
10/8/2010,1950.18,1830,1165.15
10/11/2010,1950.47,1830.27,1165.32
10/12/2010,1957.92,1837.27,1169.77
10/13/2010,1972.08,1850.49,1178.1
10/14/2010,1964.9,1843.75,1173.81
10/15/2010,1968.87,1847.48,1176.19
10/18/2010,1983.17,1860.89,1184.71
10/19/2010,1951.67,1831.33,1165.9
10/20/2010,1972.51,1850.81,1178.17
10/21/2010,1976.12,1854.17,1180.26
10/22/2010,1980.83,1858.58,1183.08
10/25/2010,1985.11,1862.59,1185.62
10/26/2010,1985.13,1862.61,1185.64
10/27/2010,1980.05,1857.78,1182.45
10/28/2010,1982.45,1859.98,1183.78
10/29/2010,1981.59,1859.16,1183.26
11/1/2010,1983.47,1860.94,1184.38
11/2/2010,1998.86,1875.37,1193.57
11/3/2010,2006.58,1882.51,1197.96
11/4/2010,2045.62,1919.03,1221.06
11/5/2010,2053.77,1926.65,1225.85
11/8/2010,2049.69,1922.74,1223.25
11/9/2010,2033.85,1907.69,1213.4
11/10/2010,2043.16,1916.31,1218.71
11/11/2010,2034.48,1908.18,1213.54
11/12/2010,2010.57,1885.72,1199.21
11/15/2010,2008.25,1883.51,1197.75
11/16/2010,1976.26,1853.35,1178.34
11/17/2010,1977,1853.95,1178.59
11/18/2010,2007.38,1882.43,1196.69
11/19/2010,2012.59,1887.29,1199.73
11/22/2010,2009.52,1884.38,1197.84
11/23/2010,1980.89,1857.52,1180.73
11/24/2010,2010.56,1885.31,1198.35
11/26/2010,1996.03,1871.55,1189.4
11/29/2010,1993.83,1869.33,1187.76
11/30/2010,1981.84,1858.06,1180.55
12/1/2010,2024.97,1898.41,1206.07
12/2/2010,2050.96,1922.77,1221.53
12/3/2010,2056.4,1927.83,1224.71
12/6/2010,2053.8,1925.38,1223.12
12/7/2010,2054.89,1926.39,1223.75
12/8/2010,2063.03,1933.87,1228.28
12/9/2010,2071.12,1941.41,1233
12/10/2010,2083.57,1953.07,1240.4
12/13/2010,2084,1953.39,1240.46
12/14/2010,2085.93,1955.19,1241.59
12/15/2010,2075.29,1945.2,1235.23
12/16/2010,2088.19,1957.27,1242.87
12/17/2010,2089.95,1958.92,1243.91
12/20/2010,2095.32,1963.94,1247.08
12/21/2010,2108.26,1975.99,1254.6
12/22/2010,2115.69,1982.86,1258.84
12/23/2010,2112.37,1979.71,1256.77
12/27/2010,2113.67,1980.92,1257.54
12/28/2010,2115.32,1982.47,1258.51
12/29/2010,2117.83,1984.72,1259.78
12/30/2010,2114.7,1981.76,1257.88
12/31/2010,2114.29,1981.37,1257.64
1/3/2011,2138.3,2003.85,1271.87
1/4/2011,2135.53,2001.24,1270.2
1/5/2011,2146.5,2011.45,1276.56
1/6/2011,2142.76,2007.71,1273.85
1/7/2011,2138.81,2004.01,1271.5
1/10/2011,2135.86,2001.25,1269.75
1/11/2011,2143.82,2008.71,1274.48
1/12/2011,2163.36,2026.95,1285.96
1/13/2011,2159.66,2023.48,1283.76
1/14/2011,2175.68,2038.48,1293.24
1/18/2011,2178.72,2041.31,1295.02
1/19/2011,2156.97,2020.85,1281.92
1/20/2011,2154.18,2018.24,1280.26
1/21/2011,2159.43,2023.14,1283.35
1/24/2011,2172.03,2034.94,1290.84
1/25/2011,2172.67,2035.53,1291.18
1/26/2011,2181.92,2044.17,1296.63
1/27/2011,2186.93,2048.83,1299.54
1/28/2011,2147.95,2012.3,1276.34
1/31/2011,2164.4,2027.71,1286.12
2/1/2011,2200.54,2061.57,1307.59
2/2/2011,2194.94,2056.21,1304.03
2/3/2011,2200.42,2061.26,1307.1
2/4/2011,2206.8,2067.22,1310.87
2/7/2011,2220.6,2080.14,1319.05
2/8/2011,2230.59,2089.3,1324.57
2/9/2011,2224.64,2083.66,1320.88
2/10/2011,2226.51,2085.35,1321.87
2/11/2011,2239.08,2097.04,1329.15
2/14/2011,2244.89,2102.35,1332.32
2/15/2011,2237.9,2095.72,1328.01
2/16/2011,2252.3,2109.1,1336.32
2/17/2011,2259.42,2115.71,1340.43
2/18/2011,2263.79,2119.8,1343.01
2/22/2011,2217.35,2076.3,1315.44
2/23/2011,2203.89,2063.67,1307.4
2/24/2011,2202.23,2061.97,1306.1
2/25/2011,2226.05,2084.11,1319.88
2/28/2011,2238.55,2095.78,1327.22
3/1/2011,2203.32,2062.79,1306.33
3/2/2011,2207.24,2066.36,1308.44
3/3/2011,2245.33,2101.99,1330.97
3/4/2011,2228.78,2086.5,1321.15
3/7/2011,2210.26,2069.14,1310.13
3/8/2011,2230.4,2087.87,1321.82
3/9/2011,2227.7,2085.26,1320.02
3/10/2011,2185.65,2045.9,1295.11
3/11/2011,2201.81,2060.83,1304.28
3/14/2011,2188.56,2048.41,1296.39
3/15/2011,2164.06,2025.48,1281.87
3/16/2011,2121.94,1986.03,1256.88
3/17/2011,2150.43,2012.68,1273.72
3/18/2011,2159.69,2021.35,1279.2
3/21/2011,2192.09,2051.67,1298.38
3/22/2011,2184.57,2044.55,1293.77
3/23/2011,2190.96,2050.53,1297.54
3/24/2011,2211.42,2069.68,1309.66
3/25/2011,2218.42,2076.23,1313.8
3/28/2011,2212.32,2070.52,1310.19
3/29/2011,2228.41,2085.44,1319.44
3/30/2011,2243.55,2099.55,1328.26
3/31/2011,2239.44,2095.7,1325.83
4/1/2011,2250.58,2106.12,1332.41
4/4/2011,2251.64,2107.03,1332.87
4/5/2011,2251.26,2106.67,1332.63
4/6/2011,2257.11,2111.88,1335.54
4/7/2011,2253.76,2108.72,1333.51
4/8/2011,2244.74,2100.28,1328.17
4/11/2011,2238.51,2094.44,1324.46
4/12/2011,2221.12,2078.16,1314.16
4/13/2011,2221.77,2078.71,1314.41
4/14/2011,2221.99,2078.9,1314.52
4/15/2011,2230.7,2087.06,1319.68
4/18/2011,2206.15,2064.08,1305.14
4/19/2011,2218.86,2075.96,1312.62
4/20/2011,2248.9,2104.05,1330.36
4/21/2011,2260.84,2115.19,1337.38
4/25/2011,2257.24,2111.82,1335.25
4/26/2011,2277.51,2130.79,1347.24
4/27/2011,2292.13,2144.36,1355.66
4/28/2011,2300.46,2152.1,1360.48
4/29/2011,2305.76,2157.06,1363.61
5/2/2011,2301.72,2153.28,1361.22
5/3/2011,2293.95,2146.01,1356.62
5/4/2011,2278.63,2131.57,1347.32
5/5/2011,2258.08,2112.3,1335.1
5/6/2011,2266.97,2120.55,1340.2
5/9/2011,2277.3,2130.21,1346.29
5/10/2011,2295.72,2147.43,1357.16
5/11/2011,2271.47,2124.39,1342.08
5/12/2011,2282.84,2134.95,1348.65
5/13/2011,2264.52,2117.79,1337.77
5/16/2011,2250.61,2104.74,1329.47
5/17/2011,2250.35,2104.34,1328.98
5/18/2011,2270.57,2123.13,1340.68
5/19/2011,2275.71,2127.88,1343.6
5/20/2011,2258.21,2111.52,1333.27
5/23/2011,2231.31,2086.36,1317.37
5/24/2011,2229.49,2084.65,1316.28
5/25/2011,2236.75,2091.4,1320.47
5/26/2011,2246.13,2100.01,1325.69
5/27/2011,2255.74,2108.88,1331.1
5/31/2011,2279.66,2131.23,1345.2
6/1/2011,2227.96,2082.83,1314.55
6/2/2011,2225.36,2080.36,1312.94
6/3/2011,2203.81,2060.19,1300.16
6/6/2011,2180.14,2038.04,1286.17
6/7/2011,2178.15,2036.16,1284.94
6/8/2011,2169.5,2027.94,1279.56
6/9/2011,2185.52,2042.91,1289
6/10/2011,2155,2014.37,1270.98
6/13/2011,2157.15,2016.18,1271.83
6/14/2011,2184.48,2041.69,1287.87
6/15/2011,2146.45,2006.13,1265.42
6/16/2011,2150.58,2009.89,1267.64
6/17/2011,2157.14,2016.02,1271.5
6/20/2011,2168.8,2026.91,1278.36
6/21/2011,2198.15,2054.27,1295.52
6/22/2011,2184.03,2041.05,1287.14
6/23/2011,2177.85,2035.28,1283.5
6/24/2011,2152.31,2011.41,1268.45
6/27/2011,2172.08,2029.88,1280.1
6/28/2011,2200.68,2056.48,1296.67
6/29/2011,2219.2,2073.7,1307.41
6/30/2011,2241.66,2094.69,1320.64
7/1/2011,2274.26,2125.06,1339.67
7/5/2011,2271.29,2122.27,1337.88
7/6/2011,2274.42,2124.96,1339.22
7/7/2011,2298.31,2147.24,1353.22
7/8/2011,2282.32,2132.31,1343.8
7/11/2011,2241.07,2093.76,1319.49
7/12/2011,2231.15,2084.49,1313.64
7/13/2011,2238.29,2091.09,1317.72
7/14/2011,2223.29,2077.07,1308.87
7/15/2011,2235.65,2088.61,1316.14
7/18/2011,2217.55,2071.68,1305.44
7/19/2011,2253.71,2105.47,1326.73
7/20/2011,2252.52,2104.27,1325.84
7/21/2011,2283.23,2132.9,1343.8
7/22/2011,2285.34,2134.86,1345.02
7/25/2011,2272.47,2122.83,1337.43
7/26/2011,2263.15,2114.12,1331.94
7/27/2011,2217.29,2071.25,1304.89
7/28/2011,2210.33,2064.69,1300.67
7/29/2011,2196.08,2051.38,1292.28
8/1/2011,2187,2042.9,1286.94
8/2/2011,2131.1,1990.68,1254.05
8/3/2011,2142.56,2001.18,1260.34
8/4/2011,2040.2,1905.54,1200.07
8/5/2011,2039.04,1904.45,1199.38
8/8/2011,1903.47,1777.75,1119.46
8/9/2011,1993.76,1862.06,1172.53
8/10/2011,1906.53,1780.37,1120.76
8/11/2011,1995.14,1863.01,1172.64
8/12/2011,2005.67,1872.84,1178.81
8/15/2011,2049.51,1913.73,1204.49
8/16/2011,2029.92,1895.34,1192.76
8/17/2011,2032.41,1897.5,1193.89
8/18/2011,1941.92,1812.98,1140.65
8/19/2011,1912.77,1785.77,1123.53
8/22/2011,1913.27,1786.23,1123.82
8/23/2011,1978.89,1847.49,1162.35
8/24/2011,2005.13,1871.91,1177.6
8/25/2011,1973.96,1842.8,1159.27
8/26/2011,2004.11,1870.86,1176.8
8/29/2011,2061.05,1923.94,1210.08
8/30/2011,2066.37,1928.77,1212.92
8/31/2011,2076.78,1938.42,1218.89
9/1/2011,2052.3,1915.52,1204.42
9/2/2011,2000.5,1867.15,1173.97
9/6/2011,1985.67,1853.3,1165.24
9/7/2011,2043.05,1906.71,1198.62
9/8/2011,2021.42,1886.51,1185.9
9/9/2011,1967.47,1836.16,1154.23
9/12/2011,1981.3,1849.02,1162.27
9/13/2011,2000.08,1866.35,1172.87
9/14/2011,2027.04,1891.5,1188.68
9/15/2011,2062.25,1924.26,1209.11
9/16/2011,2074.06,1935.27,1216.01
9/19/2011,2053.74,1916.31,1204.09
9/20/2011,2050.39,1913.16,1202.09
9/21/2011,1990.2,1856.98,1166.76
9/22/2011,1926.76,1797.78,1129.56
9/23/2011,1938.73,1808.88,1136.43
9/26/2011,1983.97,1851.09,1162.95
9/27/2011,2005.19,1870.89,1175.38
9/28/2011,1964.2,1832.5,1151.06
9/29/2011,1980.23,1847.43,1160.4
9/30/2011,1930.79,1801.3,1131.42
10/3/2011,1875.95,1750.11,1099.23
10/4/2011,1918.39,1789.64,1123.95
10/5/2011,1953.67,1822.27,1144.03
10/6/2011,1989.61,1855.74,1164.97
10/7/2011,1973.42,1840.63,1155.46
10/10/2011,2040.76,1903.43,1194.89
10/11/2011,2041.9,1904.48,1195.54
10/12/2011,2062.22,1923.36,1207.25
10/13/2011,2056.26,1917.74,1203.66
10/14/2011,2091.99,1951.07,1224.58
10/17/2011,2051.54,1913.33,1200.86
10/18/2011,2093.43,1952.4,1225.38
10/19/2011,2067.28,1927.91,1209.88
10/20/2011,2076.75,1936.73,1215.39
10/21/2011,2115.86,1973.19,1238.25
10/24/2011,2143.13,1998.61,1254.19
10/25/2011,2100.17,1958.55,1229.05
10/26/2011,2122.32,1979.2,1242
10/27/2011,2195.22,2047.15,1284.59
10/28/2011,2196.13,2047.98,1285.09
10/31/2011,2141.81,1997.32,1253.3
11/1/2011,2081.97,1941.52,1218.28
11/2/2011,2115.7,1972.92,1237.9
11/3/2011,2155.87,2010.26,1261.15
11/4/2011,2142.34,1997.64,1253.23
11/7/2011,2156,2010.33,1261.12
11/8/2011,2182.61,2034.77,1275.92
11/9/2011,2102.72,1960.24,1229.1
11/10/2011,2121.14,1977.32,1239.69
11/11/2011,2162.48,2015.87,1263.85
11/14/2011,2142.09,1996.78,1251.78
11/15/2011,2152.8,2006.65,1257.81
11/16/2011,2117.64,1973.71,1236.91
11/17/2011,2082.1,1940.57,1216.13
11/18/2011,2081.42,1939.9,1215.65
11/21/2011,2042.71,1903.79,1192.98
11/22/2011,2034.41,1896.01,1188.04
11/23/2011,1989.54,1854.17,1161.79
11/25/2011,1984.5,1849.39,1158.67
11/28/2011,2042.8,1903.65,1192.55
11/29/2011,2048.06,1908.35,1195.19
11/30/2011,2137.08,1991.2,1246.96
12/1/2011,2133.07,1987.45,1244.58
12/2/2011,2132.64,1987.02,1244.28
12/5/2011,2154.68,2007.53,1257.08
12/6/2011,2157.1,2009.77,1258.47
12/7/2011,2162.07,2014.23,1261.01
12/8/2011,2116.41,1971.68,1234.35
12/9/2011,2152.15,2004.97,1255.19
12/12/2011,2120.15,1975.14,1236.47
12/13/2011,2102.15,1958.25,1225.73
12/14/2011,2078.51,1936.17,1211.82
12/15/2011,2085.44,1942.57,1215.75
12/16/2011,2092.18,1948.84,1219.66
12/19/2011,2067.67,1926,1205.35
12/20/2011,2129.67,1983.66,1241.3
12/21/2011,2133.86,1987.55,1243.72
12/22/2011,2152.04,2004.33,1254
12/23/2011,2171.5,2022.46,1265.33
12/27/2011,2171.71,2022.64,1265.43
12/28/2011,2145.09,1997.71,1249.64
12/29/2011,2168.12,2019.14,1263.02
12/30/2011,2158.94,2010.56,1257.6
1/3/2012,2192.4,2041.7,1277.06
1/4/2012,2193.28,2042.39,1277.3
1/5/2012,2199.73,2048.4,1281.06
1/6/2012,2194.98,2043.75,1277.81
1/9/2012,2200,2048.4,1280.7
1/10/2012,2219.58,2066.62,1292.08
1/11/2012,2220.48,2067.4,1292.48
1/12/2012,2225.74,2072.28,1295.5
1/13/2012,2214.73,2062.03,1289.09
1/17/2012,2222.59,2069.35,1293.67
1/18/2012,2247.64,2092.57,1308.04
1/19/2012,2258.8,2102.95,1314.5
1/20/2012,2260.37,2104.4,1315.38
1/23/2012,2261.47,2105.41,1316
1/24/2012,2259.22,2103.29,1314.65
1/25/2012,2278.83,2121.54,1326.05
1/26/2012,2265.84,2109.42,1318.43
1/27/2012,2262.35,2106.13,1316.33
1/30/2012,2256.72,2100.88,1313.01
1/31/2012,2255.69,2099.92,1312.41
2/1/2012,2276.24,2118.91,1324.09
2/2/2012,2278.92,2121.35,1325.54
2/3/2012,2312.49,2152.52,1344.9
2/6/2012,2311.55,2151.64,1344.33
2/7/2012,2316.27,2156.02,1347.05
2/8/2012,2322.11,2161.22,1349.96
2/9/2012,2325.56,2164.43,1351.95
2/10/2012,2309.6,2149.55,1342.64
2/13/2012,2325.81,2164.51,1351.77
2/14/2012,2324,2162.71,1350.5
2/15/2012,2312.28,2151.58,1343.23
2/16/2012,2338.12,2175.53,1358.04
2/17/2012,2343.67,2180.68,1361.23
2/21/2012,2345.41,2182.28,1362.21
2/22/2012,2337.67,2175.05,1357.66
2/23/2012,2348.11,2184.64,1363.46
2/24/2012,2352.34,2188.5,1365.74
2/27/2012,2355.74,2191.6,1367.59
2/28/2012,2364.03,2199.2,1372.18
2/29/2012,2353.23,2189.05,1365.68
3/1/2012,2367.87,2202.62,1374.09
3/2/2012,2360.28,2195.54,1369.63
3/5/2012,2351.28,2187.13,1364.33
3/6/2012,2315.21,2153.56,1343.36
3/7/2012,2331.89,2168.87,1352.63
3/8/2012,2355.01,2190.32,1365.91
3/9/2012,2363.56,2198.27,1370.87
3/12/2012,2364.1,2198.73,1371.09
3/13/2012,2407.79,2239.13,1395.95
3/14/2012,2404.98,2236.5,1394.28
3/15/2012,2419.37,2249.87,1402.6
3/16/2012,2422.09,2252.4,1404.17
3/19/2012,2431.73,2261.35,1409.75
3/20/2012,2424.46,2254.59,1405.52
3/21/2012,2420.02,2250.43,1402.89
3/22/2012,2402.71,2234.3,1392.78
3/23/2012,2410.16,2241.23,1397.11
3/26/2012,2443.64,2272.36,1416.51
3/27/2012,2437.01,2266.12,1412.52
3/28/2012,2425.55,2255.31,1405.54
3/29/2012,2421.7,2251.71,1403.28
3/30/2012,2430.67,2260.05,1408.47
4/2/2012,2449.08,2277.12,1419.04
4/3/2012,2439.89,2268.41,1413.38
4/4/2012,2415.05,2245.3,1398.96
4/5/2012,2414.4,2244.46,1398.08
4/9/2012,2387.03,2219,1382.2
4/10/2012,2346.27,2181.11,1358.59
4/11/2012,2364.09,2197.57,1368.71
4/12/2012,2396.69,2227.87,1387.57
4/13/2012,2366.84,2200.11,1370.26
4/16/2012,2365.65,2199,1369.57
4/17/2012,2402.29,2233.06,1390.78
4/18/2012,2392.57,2224.02,1385.14
4/19/2012,2378.48,2210.89,1376.92
4/20/2012,2381.32,2213.52,1378.53
4/23/2012,2361.35,2194.94,1366.94
4/24/2012,2370.04,2203.02,1371.97
4/25/2012,2402.71,2233.3,1390.69
4/26/2012,2418.89,2248.3,1399.98
4/27/2012,2424.78,2253.76,1403.36
4/30/2012,2415.42,2245.04,1397.91
5/1/2012,2429.1,2257.75,1405.82
5/2/2012,2423.29,2252.28,1402.31
5/3/2012,2405.17,2235.31,1391.57
5/4/2012,2366.39,2199.25,1369.1
5/7/2012,2367.26,2200.06,1369.58
5/8/2012,2357.45,2190.85,1363.72
5/9/2012,2342.31,2176.59,1354.58
5/10/2012,2348.93,2182.55,1357.99
5/11/2012,2341.23,2175.32,1353.39
5/14/2012,2315.45,2151.3,1338.35
5/15/2012,2302.56,2139.21,1330.66
5/16/2012,2293.21,2130.31,1324.8
5/17/2012,2258.93,2098.39,1304.86
5/18/2012,2242.25,2082.9,1295.22
5/21/2012,2278.24,2116.32,1315.99
5/22/2012,2279.4,2117.38,1316.63
5/23/2012,2283.36,2121.03,1318.86
5/24/2012,2286.87,2124.19,1320.68
5/25/2012,2281.92,2119.6,1317.82
5/29/2012,2307.57,2143.32,1332.42
5/30/2012,2275.19,2113.04,1313.32
5/31/2012,2270.25,2108.39,1310.33
6/1/2012,2214.41,2056.5,1278.04
6/4/2012,2214.7,2056.76,1278.18
6/5/2012,2227.45,2068.58,1285.5
6/6/2012,2279.42,2116.67,1315.13
6/7/2012,2279.28,2116.51,1314.99
6/8/2012,2297.82,2133.71,1325.66
6/11/2012,2268.94,2106.86,1308.93
6/12/2012,2295.4,2131.43,1324.18
6/13/2012,2280.13,2117.01,1314.88
6/14/2012,2304.83,2139.93,1329.1
6/15/2012,2328.66,2162.05,1342.84
6/18/2012,2332.07,2165.21,1344.78
6/19/2012,2355.01,2186.5,1357.98
6/20/2012,2351.14,2182.87,1355.69
6/21/2012,2299.16,2134.51,1325.51
6/22/2012,2315.65,2149.82,1335.02
6/25/2012,2278.98,2115.7,1313.72
6/26/2012,2289.86,2125.8,1319.99
6/27/2012,2310.98,2145.26,1331.85
6/28/2012,2306.22,2140.81,1329.04
6/29/2012,2363.79,2194.22,1362.16
7/2/2012,2369.75,2199.71,1365.51
7/3/2012,2385.06,2213.77,1374.02
7/5/2012,2373.91,2203.42,1367.58
7/6/2012,2352.34,2183.17,1354.68
7/9/2012,2348.52,2179.61,1352.46
7/10/2012,2329.46,2161.92,1341.47
7/11/2012,2329.71,2162.07,1341.45
7/12/2012,2318.09,2151.28,1334.76
7/13/2012,2356.4,2186.82,1356.78
7/16/2012,2350.94,2181.76,1353.64
7/17/2012,2368.36,2197.92,1363.67
7/18/2012,2384.54,2212.84,1372.78
7/19/2012,2391.27,2219.01,1376.51
7/20/2012,2367.26,2196.72,1362.66
7/23/2012,2346.22,2177.18,1350.52
7/24/2012,2325.02,2157.5,1338.31
7/25/2012,2324.33,2156.85,1337.89
7/26/2012,2362.85,2192.57,1360.02
7/27/2012,2408.07,2234.5,1385.97
7/30/2012,2406.99,2233.47,1385.3
7/31/2012,2396.62,2223.85,1379.32
8/1/2012,2389.73,2217.35,1375.14
8/2/2012,2372.31,2201.13,1365
8/3/2012,2417.77,2243.23,1390.99
8/6/2012,2423.46,2248.49,1394.23
8/7/2012,2435.88,2260,1401.35
8/8/2012,2438.16,2261.9,1402.22
8/9/2012,2440.23,2263.52,1402.8
8/10/2012,2445.64,2268.53,1405.87
8/13/2012,2443.05,2265.99,1404.11
8/14/2012,2443.16,2265.97,1403.93
8/15/2012,2446.82,2269.12,1405.53
8/16/2012,2464.38,2285.36,1415.51
8/17/2012,2469,2289.64,1418.16
8/20/2012,2468.99,2289.63,1418.13
8/21/2012,2460.41,2281.65,1413.17
8/22/2012,2461.12,2282.27,1413.49
8/23/2012,2441.29,2263.87,1402.08
8/24/2012,2457.4,2278.71,1411.13
8/27/2012,2456.22,2277.6,1410.44
8/28/2012,2454.39,2275.87,1409.3
8/29/2012,2457.05,2278.17,1410.49
8/30/2012,2438.2,2260.6,1399.48
8/31/2012,2450.6,2272.09,1406.58
9/4/2012,2447.8,2269.48,1404.94
9/5/2012,2445.81,2267.45,1403.44
9/6/2012,2496.12,2314.01,1432.12
9/7/2012,2506.37,2323.47,1437.92
9/10/2012,2491.11,2309.29,1429.08
9/11/2012,2498.95,2316.55,1433.56
9/12/2012,2504.84,2321.82,1436.56
9/13/2012,2546.03,2359.91,1459.99
9/14/2012,2556.13,2369.27,1465.77
9/17/2012,2548.26,2361.93,1461.19
9/18/2012,2545.05,2358.94,1459.32
9/19/2012,2548.11,2361.77,1461.05
9/20/2012,2547.11,2360.74,1460.26
9/21/2012,2546.92,2360.56,1460.15
9/24/2012,2541.23,2355.29,1456.89
9/25/2012,2514.83,2330.74,1441.59
9/26/2012,2500.92,2317.7,1433.32
9/27/2012,2525.23,2340.18,1447.15
9/28/2012,2513.93,2329.71,1440.67
10/1/2012,2520.71,2335.96,1444.49
10/2/2012,2523.08,2338.11,1445.75
10/3/2012,2532.79,2346.95,1450.99
10/4/2012,2550.98,2363.8,1461.4
10/5/2012,2551.03,2363.6,1460.93
10/8/2012,2542.21,2355.43,1455.88
10/9/2012,2517.14,2332.19,1441.48
10/10/2012,2501.75,2317.87,1432.56
10/11/2012,2502.66,2318.6,1432.84
10/12/2012,2495.28,2311.75,1428.59
10/15/2012,2515.44,2330.43,1440.13
10/16/2012,2541.28,2354.37,1454.92
10/17/2012,2552.05,2364.26,1460.91
10/18/2012,2545.95,2358.57,1457.34
10/19/2012,2503.8,2319.51,1433.19
10/22/2012,2504.96,2320.57,1433.82
10/23/2012,2468.78,2287.05,1413.11
10/24/2012,2461.18,2280,1408.75
10/25/2012,2468.6,2286.86,1412.97
10/26/2012,2466.8,2285.2,1411.94
10/31/2012,2467.51,2285.76,1412.16
11/1/2012,2494.67,2310.87,1427.59
11/2/2012,2471.3,2289.21,1414.2
11/5/2012,2476.94,2294.36,1417.26
11/6/2012,2496.46,2312.42,1428.39
11/7/2012,2439.48,2259.03,1394.53
11/8/2012,2409.72,2231.47,1377.51
11/9/2012,2413.92,2235.33,1379.85
11/12/2012,2414.24,2235.62,1380.03
11/13/2012,2405.38,2227.2,1374.53
11/14/2012,2372.94,2196.92,1355.49
11/15/2012,2369.32,2193.53,1353.33
11/16/2012,2381.02,2204.29,1359.88
11/19/2012,2428.47,2248.18,1386.89
11/20/2012,2430.29,2249.81,1387.81
11/21/2012,2435.97,2255.05,1391.03
11/23/2012,2468.06,2284.66,1409.15
11/26/2012,2463.12,2280.07,1406.29
11/27/2012,2450.48,2268.3,1398.94
11/28/2012,2470.47,2286.6,1409.93
11/29/2012,2481.42,2296.63,1415.95
11/30/2012,2481.82,2297,1416.18
12/3/2012,2470.07,2286.11,1409.46
12/4/2012,2465.9,2282.24,1407.05
12/5/2012,2470.59,2286.36,1409.28
12/6/2012,2479.4,2294.34,1413.94
12/7/2012,2486.84,2301.17,1418.07
12/10/2012,2487.78,2302.01,1418.55
12/11/2012,2504.08,2317.09,1427.84
12/12/2012,2505.76,2318.49,1428.48
12/13/2012,2490.56,2304.25,1419.45
12/14/2012,2480.36,2294.78,1413.58
12/17/2012,2509.84,2322.05,1430.36
12/18/2012,2538.72,2348.75,1446.79
12/19/2012,2519.54,2330.99,1435.81
12/20/2012,2533.91,2344.13,1443.69
12/21/2012,2510.32,2322.26,1430.15
12/24/2012,2504.51,2316.8,1426.66
12/26/2012,2492.54,2305.72,1419.83
12/27/2012,2489.97,2303.21,1418.1
12/28/2012,2462.71,2277.92,1402.43
12/31/2012,2504.44,2316.52,1426.19
1/2/2013,2568.55,2375.69,1462.42
1/3/2013,2563.19,2370.72,1459.37
1/4/2013,2575.66,2382.26,1466.47
1/7/2013,2567.63,2374.83,1461.89
1/8/2013,2560.17,2367.69,1457.15
1/9/2013,2567.02,2374.01,1461.02
1/10/2013,2586.52,2392.05,1472.12
1/11/2013,2586.69,2392.12,1472.05
1/14/2013,2584.27,2389.89,1470.68
1/15/2013,2587.2,2392.59,1472.34
1/16/2013,2588.02,2393.26,1472.63
1/17/2013,2602.64,2406.78,1480.94
1/18/2013,2611.54,2415,1485.98
1/22/2013,2623.22,2425.77,1492.56
1/23/2013,2627.23,2429.46,1494.81
1/24/2013,2627.33,2429.53,1494.82
1/25/2013,2641.64,2442.76,1502.96
1/28/2013,2636.83,2438.29,1500.18
1/29/2013,2650.43,2450.83,1507.84
1/30/2013,2640.77,2441.71,1501.96
1/31/2013,2634.16,2435.56,1498.11
2/1/2013,2660.7,2460.08,1513.17
2/4/2013,2630.05,2431.73,1495.71
2/5/2013,2657.76,2457.26,1511.29
2/6/2013,2659.55,2458.82,1512.12
2/7/2013,2655.84,2455.09,1509.39
2/8/2013,2670.85,2468.97,1517.93
2/11/2013,2669.37,2467.56,1517.01
2/12/2013,2673.77,2471.59,1519.43
2/13/2013,2676.6,2473.86,1520.33
2/14/2013,2678.77,2475.78,1521.38
2/15/2013,2676.21,2473.35,1519.79
2/19/2013,2696.26,2491.76,1530.94
2/20/2013,2662.94,2460.93,1511.95
2/21/2013,2646.75,2445.8,1502.42
2/22/2013,2670.36,2467.51,1515.6
2/25/2013,2621.46,2422.33,1487.85
2/26/2013,2637.89,2437.4,1496.94
2/27/2013,2672.11,2468.83,1515.99
2/28/2013,2669.92,2466.78,1514.68
3/1/2013,2676.18,2472.55,1518.2
3/4/2013,2688.54,2483.97,1525.2
3/5/2013,2714.35,2507.79,1539.79
3/6/2013,2718.07,2511.01,1541.46
3/7/2013,2723.27,2515.74,1544.26
3/8/2013,2735.67,2527.14,1551.18
3/11/2013,2744.81,2535.51,1556.22
3/12/2013,2738.35,2529.51,1552.48
3/13/2013,2742.87,2533.43,1554.52
3/14/2013,2758.3,2547.66,1563.23
3/15/2013,2753.82,2543.53,1560.7
3/18/2013,2738.68,2529.53,1552.1
3/19/2013,2732.09,2523.44,1548.34
3/20/2013,2750.42,2540.35,1558.71
3/21/2013,2727.69,2519.35,1545.8
3/22/2013,2747.25,2537.41,1556.89
3/25/2013,2738.08,2528.95,1551.69
3/26/2013,2760.32,2549.23,1563.77
3/27/2013,2758.85,2547.83,1562.85
3/28/2013,2770.05,2558.17,1569.19
4/1/2013,2757.83,2546.84,1562.17
4/2/2013,2772.11,2560.02,1570.25
4/3/2013,2743.38,2533.35,1553.69
4/4/2013,2754.67,2543.72,1559.98
4/5/2013,2742.86,2532.81,1553.28
4/8/2013,2761.05,2549.36,1563.07
4/9/2013,2770.84,2558.4,1568.61
4/10/2013,2804.81,2589.71,1587.73
4/11/2013,2815.02,2599.07,1593.37
4/12/2013,2807.1,2591.74,1588.85
4/15/2013,2742.63,2532.21,1552.36
4/16/2013,2781.86,2568.43,1574.57
4/17/2013,2742.01,2531.65,1552.01
4/18/2013,2723.72,2514.74,1541.61
4/19/2013,2747.94,2537.06,1555.25
4/22/2013,2760.8,2548.92,1562.5
4/23/2013,2789.56,2575.47,1578.78
4/24/2013,2789.93,2575.72,1578.79
4/25/2013,2801.28,2586.17,1585.16
4/26/2013,2796.24,2581.48,1582.24
4/29/2013,2816.39,2600.07,1593.61
4/30/2013,2823.42,2606.55,1597.57
5/1/2013,2797.28,2582.38,1582.7
5/2/2013,2823.82,2606.82,1597.59
5/3/2013,2853.88,2634.48,1614.42
5/6/2013,2859.34,2639.52,1617.5
5/7/2013,2874.46,2653.44,1625.96
5/8/2013,2887.61,2665.22,1632.69
5/9/2013,2878.3,2656.26,1626.67
5/10/2013,2890.77,2667.76,1633.7
5/13/2013,2891.17,2668.05,1633.77
5/14/2013,2921.12,2695.52,1650.34
5/15/2013,2936.98,2709.9,1658.78
5/16/2013,2922.4,2696.41,1650.47
5/17/2013,2952.56,2724.22,1667.47
5/20/2013,2950.53,2722.33,1666.29
5/21/2013,2955.69,2727.07,1669.16
5/22/2013,2931.58,2704.73,1655.35
5/23/2013,2923.43,2697.09,1650.51
5/24/2013,2921.88,2695.65,1649.6
5/28/2013,2940.45,2712.77,1660.06
5/29/2013,2920.18,2693.95,1648.36
5/30/2013,2931.39,2704.15,1654.41
5/31/2013,2889.46,2665.47,1630.74
6/3/2013,2906.91,2681.48,1640.42
6/4/2013,2891.02,2666.78,1631.38
6/5/2013,2851.89,2630.49,1608.9
6/6/2013,2876.5,2653.08,1622.56
6/7/2013,2913.46,2687.16,1643.38
6/10/2013,2912.63,2686.34,1642.81
6/11/2013,2883.07,2659.08,1626.13
6/12/2013,2859.62,2637.26,1612.52
6/13/2013,2902.32,2676.52,1636.36
6/14/2013,2885.24,2660.77,1626.73
6/17/2013,2907.12,2680.93,1639.04
6/18/2013,2929.81,2701.85,1651.81
6/19/2013,2889.25,2664.44,1628.93
6/20/2013,2817.44,2598.09,1588.19
6/21/2013,2824.97,2605.03,1592.43
6/24/2013,2790.66,2573.4,1573.09
6/25/2013,2817.44,2598.01,1588.03
6/26/2013,2845.04,2623.3,1603.26
6/27/2013,2862.92,2639.72,1613.2
6/28/2013,2850.66,2628.41,1606.28
7/1/2013,2866.41,2642.84,1614.96
7/2/2013,2865.48,2641.81,1614.08
7/3/2013,2867.85,2643.99,1615.41
7/5/2013,2897.12,2670.97,1631.89
7/8/2013,2913.2,2685.56,1640.46
7/9/2013,2934.31,2705,1652.32
7/10/2013,2934.97,2705.58,1652.62
7/11/2013,2975.06,2742.45,1675.02
7/12/2013,2984.24,2750.91,1680.19
7/15/2013,2988.35,2754.7,1682.5
7/16/2013,2977.26,2744.48,1676.26
7/17/2013,2985.85,2752.31,1680.91
7/18/2013,3001.21,2766.37,1689.37
7/19/2013,3006.13,2770.88,1692.09
7/22/2013,3012.3,2776.55,1695.53
7/23/2013,3006.72,2771.41,1692.39
7/24/2013,2995.3,2760.87,1685.94
7/25/2013,3003.01,2767.97,1690.25
7/26/2013,3005.51,2770.26,1691.65
7/29/2013,2994.45,2760.03,1685.33
7/30/2013,2995.68,2761.13,1685.96
7/31/2013,2995.72,2761.04,1685.73
8/1/2013,3033.59,2795.86,1706.87
8/2/2013,3038.63,2800.49,1709.67
8/5/2013,3034.43,2796.53,1707.14
8/6/2013,3017.16,2780.59,1697.37
8/7/2013,3006.63,2770.63,1690.91
8/8/2013,3019,2781.84,1697.48
8/9/2013,3008.79,2772.27,1691.42
8/12/2013,3005.42,2769.14,1689.47
8/13/2013,3014.43,2777.26,1694.16
8/14/2013,2999.42,2763.26,1685.39
8/15/2013,2957.08,2724.12,1661.32
8/16/2013,2947.46,2715.21,1655.83
8/19/2013,2930.27,2699.32,1646.06
8/20/2013,2941.58,2709.71,1652.35
8/21/2013,2924.73,2694.14,1642.8
8/22/2013,2949.96,2717.38,1656.96
8/23/2013,2962.06,2728.4,1663.5
8/26/2013,2950.13,2717.41,1656.78
8/27/2013,2903.29,2674.26,1630.48
8/28/2013,2911.83,2681.97,1634.96
8/29/2013,2917.96,2687.5,1638.17
8/30/2013,2908.96,2679.14,1632.97
9/3/2013,2921.23,2690.4,1639.77
9/4/2013,2945.62,2712.67,1653.08
9/5/2013,2949.27,2716.01,1655.08
9/6/2013,2949.8,2716.39,1655.17
9/9/2013,2979.45,2743.66,1671.71
9/10/2013,3001.36,2763.82,1683.99
9/11/2013,3010.94,2772.53,1689.13
9/12/2013,3001.62,2763.71,1683.42
9/13/2013,3009.79,2771.22,1687.99
9/16/2013,3026.94,2787.01,1697.6
9/17/2013,3039.75,2798.8,1704.76
9/18/2013,3076.81,2832.91,1725.52
9/19/2013,3071.61,2827.99,1722.34
9/20/2013,3049.47,2807.6,1709.91
9/23/2013,3035.09,2794.35,1701.84
9/24/2013,3027.52,2787.3,1697.42
9/25/2013,3019.31,2779.71,1692.77
9/26/2013,3030.41,2789.78,1698.67
9/27/2013,3018.24,2778.52,1691.75
9/30/2013,3000.18,2761.86,1681.55
10/1/2013,3024.38,2784.08,1695
10/2/2013,3022.95,2782.6,1693.87
10/3/2013,2995.81,2757.62,1678.66
10/4/2013,3017.05,2777.14,1690.5
10/7/2013,2991.39,2753.52,1676.12
10/8/2013,2955.41,2720.15,1655.45
10/9/2013,2957.4,2721.9,1656.4
10/10/2013,3022.43,2781.62,1692.56
10/11/2013,3041.43,2799.1,1703.2
10/14/2013,3053.84,2810.53,1710.14
10/15/2013,3032.27,2790.68,1698.06
10/16/2013,3074.54,2829.49,1721.54
10/17/2013,3095.42,2848.66,1733.15
10/18/2013,3115.77,2867.36,1744.5
10/21/2013,3116.09,2867.65,1744.66
10/22/2013,3133.98,2884.11,1754.67
10/23/2013,3119.2,2870.5,1746.38
10/24/2013,3129.41,2879.88,1752.07
10/25/2013,3143.16,2892.53,1759.77
10/28/2013,3147.36,2896.39,1762.11
10/29/2013,3165.11,2912.68,1771.95
10/30/2013,3149.93,2898.64,1763.31
10/31/2013,3138.09,2887.68,1756.54
11/1/2013,3147.21,2896.07,1761.64
11/4/2013,3158.47,2906.43,1767.93
11/5/2013,3149.96,2898.5,1762.97
11/6/2013,3165.13,2911.97,1770.49
11/7/2013,3124.12,2874.05,1747.15
11/8/2013,3166.11,2912.66,1770.61
11/11/2013,3168.41,2914.78,1771.89
11/12/2013,3161.1,2908,1767.69
11/13/2013,3187.64,2932.15,1782
11/14/2013,3203.65,2946.71,1790.62
11/15/2013,3217.2,2959.17,1798.18
11/18/2013,3205.46,2948.33,1791.53
11/19/2013,3199.51,2942.69,1787.87
11/20/2013,3188.04,2932.1,1781.37
11/21/2013,3214.16,2956.07,1795.85
11/22/2013,3230.54,2971.01,1804.76
11/25/2013,3226.53,2967.3,1802.48
11/26/2013,3227.36,2967.97,1802.75
11/27/2013,3236.14,2975.84,1807.23
11/29/2013,3233.72,2973.58,1805.81
12/2/2013,3225.06,2965.57,1800.9
12/3/2013,3214.95,2956.23,1795.15
12/4/2013,3211.59,2952.91,1792.81
12/5/2013,3197.76,2940.16,1785.03
12/6/2013,3233.99,2973.4,1805.09
12/9/2013,3239.99,2978.88,1808.37
12/10/2013,3229.72,2969.42,1802.62
12/11/2013,3193.52,2936.05,1782.22
12/12/2013,3182.33,2925.52,1775.5
12/13/2013,3182.07,2925.27,1775.32
12/16/2013,3202.22,2943.78,1786.54
12/17/2013,3192.33,2934.68,1781
12/18/2013,3245.59,2983.61,1810.65
12/19/2013,3244.15,2982.16,1809.6
12/20/2013,3259.79,2996.54,1818.32
12/23/2013,3277.62,3012.79,1827.99
12/24/2013,3287.55,3021.82,1833.32
12/26/2013,3303.15,3036.15,1842.02
12/27/2013,3302.66,3035.53,1841.4
12/30/2013,3302.3,3035.14,1841.07
12/31/2013,3315.59,3047.29,1848.36
1/2/2014,3286.69,3020.6,1831.98
1/3/2014,3285.68,3019.65,1831.37
1/6/2014,3277.48,3012.1,1826.77
1/7/2014,3297.45,3030.44,1837.88
1/8/2014,3297.74,3030.43,1837.49
1/9/2014,3298.87,3031.47,1838.13
1/10/2014,3306.49,3038.48,1842.37
1/13/2014,3265.27,3000.5,1819.2
1/14/2014,3300.61,3032.97,1838.88
1/15/2014,3317.75,3048.69,1848.38
1/16/2014,3313.36,3044.64,1845.89
1/17/2014,3300.51,3032.81,1838.7
1/21/2014,3309.74,3041.28,1843.8
1/22/2014,3312.04,3043.28,1844.86
1/23/2014,3282.64,3016.25,1828.46
1/24/2014,3214.13,2953.29,1790.29
1/27/2014,3198.57,2938.97,1781.56
1/28/2014,3218.21,2957.02,1792.5
1/29/2014,3185.7,2927.05,1774.2
1/30/2014,3221.78,2960.15,1794.19
1/31/2014,3200.95,2941.01,1782.59
2/3/2014,3127.87,2873.86,1741.89
2/4/2014,3151.94,2895.93,1755.2
2/5/2014,3146.49,2890.67,1751.64
2/6/2014,3187.25,2927.67,1773.43
2/7/2014,3229.64,2966.6,1797.02
2/10/2014,3234.79,2971.31,1799.84
2/11/2014,3270.74,3004.29,1819.75
2/12/2014,3271.47,3004.52,1819.26
2/13/2014,3290.82,3022.19,1829.83
2/14/2014,3306.92,3036.9,1838.63
2/18/2014,3311.27,3040.75,1840.76
2/19/2014,3289.83,3021.02,1828.75
2/20/2014,3310.27,3039.62,1839.78
2/21/2014,3304.36,3034.08,1836.25
2/24/2014,3324.84,3052.87,1847.61
2/25/2014,3320.43,3048.8,1845.12
2/26/2014,3321.15,3049.29,1845.16
2/27/2014,3338.05,3064.67,1854.29
2/28/2014,3347.38,3073.22,1859.45
3/3/2014,3322.85,3050.66,1845.73
3/4/2014,3373.64,3097.27,1873.91
3/5/2014,3374.1,3097.52,1873.81
3/6/2014,3380.49,3103.22,1877.03
3/7/2014,3382.57,3105.06,1878.04
3/10/2014,3381.22,3103.76,1877.17
3/11/2014,3364.17,3088.07,1867.63
3/12/2014,3366.07,3089.58,1868.2
3/13/2014,3327.11,3053.7,1846.34
3/14/2014,3317.81,3045.14,1841.13
3/17/2014,3349.71,3074.42,1858.83
3/18/2014,3373.98,3096.67,1872.25
3/19/2014,3353.29,3077.68,1860.77
3/20/2014,3373.6,3096.3,1872.01
3/21/2014,3363.72,3087.23,1866.52
3/24/2014,3347.36,3072.22,1857.44
3/25/2014,3362.44,3085.97,1865.62
3/26/2014,3339,3064.43,1852.56
3/27/2014,3333.23,3058.98,1849.04
3/28/2014,3348.83,3073.25,1857.62
3/31/2014,3375.51,3097.7,1872.34
4/1/2014,3399.51,3119.65,1885.52
4/2/2014,3409.8,3128.93,1890.9
4/3/2014,3406,3125.44,1888.77
4/4/2014,3363.41,3086.32,1865.09
4/7/2014,3327.27,3053.15,1845.04
4/8/2014,3340.84,3065.31,1851.96
4/9/2014,3377.61,3098.97,1872.18
4/10/2014,3307.08,3034.25,1833.08
4/11/2014,3276.04,3005.67,1815.69
4/14/2014,3302.98,3030.39,1830.61
4/15/2014,3325.3,3050.87,1842.98
4/16/2014,3360.27,3082.93,1862.31
4/17/2014,3365,3087.23,1864.85
4/21/2014,3377.75,3098.91,1871.89
4/22/2014,3391.58,3111.6,1879.55
4/23/2014,3384.5,3104.98,1875.39
4/24/2014,3390.39,3110.37,1878.61
4/25/2014,3362.95,3085.19,1863.4
4/28/2014,3374.04,3095.3,1869.43
4/29/2014,3390.16,3110.08,1878.33
4/30/2014,3400.46,3119.49,1883.95
5/1/2014,3400.2,3119.19,1883.68
5/2/2014,3395.61,3114.97,1881.14
5/5/2014,3402.23,3120.97,1884.66
5/6/2014,3371.72,3092.97,1867.72
5/7/2014,3392.1,3111.26,1878.21
5/8/2014,3388.29,3107.54,1875.63
5/9/2014,3394.05,3112.65,1878.48
5/12/2014,3427.01,3142.85,1896.65
5/13/2014,3429.3,3144.71,1897.45
5/14/2014,3413.84,3130.35,1888.53
5/15/2014,3382.52,3101.46,1870.85
5/16/2014,3395.21,3113.09,1877.86
5/19/2014,3408.52,3125.23,1885.08
5/20/2014,3386.48,3104.99,1872.83
5/21/2014,3414.45,3130.49,1888.03
5/22/2014,3422.99,3138.2,1892.49
5/23/2014,3437.58,3151.56,1900.53
5/27/2014,3458.19,3170.45,1911.91
5/28/2014,3454.88,3167.26,1909.78
5/29/2014,3473.86,3184.54,1920.03
5/30/2014,3480.29,3190.43,1923.57
6/2/2014,3483.14,3192.95,1924.97
6/3/2014,3482,3191.86,1924.24
6/4/2014,3489.21,3198.3,1927.88
6/5/2014,3512.21,3219.32,1940.46
6/6/2014,3528.98,3234.54,1949.44
6/9/2014,3532.47,3237.69,1951.27
6/10/2014,3531.62,3236.91,1950.79
6/11/2014,3519.52,3225.71,1943.89
6/12/2014,3495.57,3203.49,1930.11
6/13/2014,3506.58,3213.56,1936.16
6/16/2014,3509.54,3216.27,1937.78
6/17/2014,3517.23,3223.3,1941.99
6/18/2014,3544.42,3248.2,1956.98
6/19/2014,3549.44,3252.67,1959.48
6/20/2014,3555.6,3258.31,1962.87
6/23/2014,3555.14,3257.88,1962.61
6/24/2014,3532.57,3237.12,1949.98
6/25/2014,3549.96,3253.03,1959.53
6/26/2014,3546.38,3249.58,1957.22
6/27/2014,3553.35,3255.91,1960.96
6/30/2014,3552.18,3254.8,1960.23
7/1/2014,3576.55,3276.95,1973.32
7/2/2014,3579.11,3279.24,1974.62
7/3/2014,3598.73,3297.22,1985.44
7/7/2014,3584.75,3284.37,1977.65
7/8/2014,3560.53,3261.89,1963.71
7/9/2014,3577.28,3277.18,1972.83
7/10/2014,3562.49,3263.63,1964.68
7/11/2014,3568.08,3268.65,1967.57
7/14/2014,3585.37,3284.49,1977.1
7/15/2014,3578.46,3278.16,1973.28
7/16/2014,3593.91,3292.19,1981.57
7/17/2014,3551.73,3253.46,1958.12
7/18/2014,3588.21,3286.87,1978.22
7/21/2014,3579.99,3279.31,1973.63
7/22/2014,3597.95,3295.76,1983.53
7/23/2014,3604.3,3301.57,1987.01
7/24/2014,3606.1,3303.21,1987.98
7/25/2014,3588.68,3287.23,1978.34
7/28/2014,3589.73,3288.19,1978.91
7/29/2014,3573.65,3273.41,1969.95
7/30/2014,3574.45,3273.99,1970.07
7/31/2014,3503.19,3208.66,1930.67
8/1/2014,3493.18,3199.48,1925.15
8/4/2014,3518.31,3222.49,1938.99
8/5/2014,3484.56,3191.5,1920.21
8/6/2014,3485.67,3192.22,1920.24
8/7/2014,3467.14,3175.02,1909.57
8/8/2014,3507.21,3211.69,1931.59
8/11/2014,3517.53,3220.96,1936.92
8/12/2014,3511.96,3215.81,1933.75
8/13/2014,3536.42,3237.96,1946.72
8/14/2014,3551.97,3252.15,1955.18
8/15/2014,3552.17,3252.22,1955.06
8/18/2014,3582.7,3280.11,1971.74
8/19/2014,3601.33,3296.97,1981.6
8/20/2014,3610.49,3305.29,1986.51
8/21/2014,3621.23,3315.09,1992.37
8/22/2014,3614.5,3308.8,1988.4
8/25/2014,3631.86,3324.68,1997.92
8/26/2014,3635.71,3328.19,2000.02
8/27/2014,3636.64,3328.84,2000.12
8/28/2014,3630.98,3323.53,1996.74
8/29/2014,3643.34,3334.75,2003.37
9/2/2014,3641.52,3333.05,2002.28
9/3/2014,3639.35,3330.88,2000.72
9/4/2014,3633.87,3325.83,1997.65
9/5/2014,3652.26,3342.64,2007.71
9/8/2014,3641.66,3332.77,2001.54
9/9/2014,3617.89,3310.99,1988.44
9/10/2014,3631.45,3323.3,1995.69
9/11/2014,3635.66,3326.87,1997.45
9/12/2014,3614.06,3307.09,1985.54
9/15/2014,3611.52,3304.76,1984.13
9/16/2014,3638.6,3329.52,1998.98
9/17/2014,3643.4,3333.89,2001.57
9/18/2014,3661.73,3350.53,2011.36
9/19/2014,3660.03,3348.96,2010.4
9/22/2014,3630.7,3322.12,1994.29
9/23/2014,3610.1,3303.17,1982.77
9/24/2014,3638.44,3329.09,1998.3
9/25/2014,3579.61,3275.26,1965.99
9/26/2014,3610.98,3303.77,1982.85
9/29/2014,3602.09,3295.56,1977.8
9/30/2014,3592.25,3286.5,1972.29
10/1/2014,3544.98,3243.16,1946.16
10/2/2014,3545.3,3243.37,1946.17
10/3/2014,3584.94,3279.62,1967.9
10/6/2014,3579.42,3274.55,1964.82
10/7/2014,3525.29,3225.03,1935.1
10/8/2014,3588.07,3282.12,1968.89
10/9/2014,3514.12,3214.43,1928.21
10/10/2014,3474.23,3177.85,1906.13
10/13/2014,3417.01,3125.51,1874.74
10/14/2014,3422.43,3130.46,1877.7
10/15/2014,3395.03,3105.31,1862.49
10/16/2014,3395.64,3105.83,1862.76
10/17/2014,3439.39,3145.85,1886.76
10/20/2014,3470.89,3174.65,1904.01
10/21/2014,3538.9,3236.83,1941.28
10/22/2014,3513.47,3213.46,1927.11
10/23/2014,3556.7,3253,1950.82
10/24/2014,3581.82,3275.97,1964.58
10/27/2014,3576.47,3271.07,1961.63
10/28/2014,3619.16,3310.11,1985.05
10/29/2014,3614.53,3305.77,1982.3
10/30/2014,3637.3,3326.53,1994.65
10/31/2014,3679.99,3365.57,2018.05
11/3/2014,3679.58,3365.18,2017.81
11/4/2014,3669.18,3355.67,2012.1
11/5/2014,3691.38,3375.62,2023.57
11/6/2014,3706.45,3389.09,2031.21
11/7/2014,3708.46,3390.73,2031.92
11/10/2014,3720.25,3401.45,2038.26
11/11/2014,3722.84,3403.82,2039.68
11/12/2014,3721.3,3402.12,2038.25
11/13/2014,3723.58,3404.12,2039.33
11/14/2014,3724.92,3405.22,2039.82
11/17/2014,3727.86,3407.85,2041.32
11/18/2014,3747.74,3425.82,2051.8
11/19/2014,3742.35,3420.83,2048.72
11/20/2014,3749.87,3427.66,2052.75
11/21/2014,3770.03,3445.95,2063.5
11/24/2014,3780.88,3455.85,2069.41
11/25/2014,3776.94,3452.14,2067.03
11/26/2014,3788.42,3462.38,2072.83
11/28/2014,3778.96,3453.7,2067.56
12/1/2014,3753.31,3430.21,2053.44
12/2/2014,3777.47,3452.23,2066.55
12/3/2014,3792.69,3465.87,2074.33
12/4/2014,3788.34,3461.88,2071.92
12/5/2014,3794.68,3467.66,2075.37
12/8/2014,3767.7,3442.86,2060.31
12/9/2014,3766.83,3442.06,2059.82
12/10/2014,3705.51,3385.95,2026.14
12/11/2014,3723.32,3401.94,2035.33
12/12/2014,3663.1,3346.89,2002.33
12/15/2014,3639.97,3325.72,1989.63
12/16/2014,3609.06,3297.48,1972.74
12/17/2014,3682.7,3364.71,2012.89
12/18/2014,3771.72,3445.89,2061.23
12/19/2014,3788.97,3461.65,2070.65
12/22/2014,3803.94,3475.18,2078.54
12/23/2014,3810.78,3481.37,2082.17
12/24/2014,3810.39,3480.98,2081.88
12/26/2014,3823,3492.5,2088.77
12/29/2014,3826.95,3495.93,2090.57
12/30/2014,3808.69,3479.12,2080.35
12/31/2014,3769.44,3443.26,2058.9
1/2/2015,3768.68,3442.43,2058.2
1/5/2015,3700.03,3379.66,2020.58
1/6/2015,3667.14,3349.61,2002.61
1/7/2015,3710.94,3389.3,2025.9
1/8/2015,3777.4,3449.98,2062.14
1/9/2015,3745.67,3420.99,2044.81
1/12/2015,3715.36,3393.31,2028.26
1/13/2015,3706.15,3384.8,2023.03
1/14/2015,3684.72,3365.2,2011.27
1/15/2015,3650.74,3334.13,1992.67
1/16/2015,3699.79,3378.92,2019.42
1/20/2015,3705.64,3384.23,2022.55
1/21/2015,3723.62,3400.53,2032.12
1/22/2015,3780.51,3452.47,2063.15
1/23/2015,3759.76,3433.52,2051.82
1/26/2015,3769.45,3442.36,2057.09
1/27/2015,3718.99,3396.28,2029.55
1/28/2015,3669.1,3350.64,2002.16
1/29/2015,3704.35,3382.75,2021.25
1/30/2015,3656.28,3338.84,1994.99
2/2/2015,3703.77,3382.18,2020.85
2/3/2015,3757.34,3431.07,2050.03
2/4/2015,3742.84,3417.53,2041.51
2/5/2015,3782.11,3453.18,2062.52
2/6/2015,3770.2,3442.03,2055.47
2/9/2015,3754.36,3427.52,2046.74
2/10/2015,3794.62,3464.23,2068.59
2/11/2015,3795.82,3464.96,2068.53
2/12/2015,3833.35,3498.97,2088.48
2/13/2015,3849.29,3513.43,2096.99
2/17/2015,3856.04,3519.43,2100.34
2/18/2015,3855,3518.43,2099.68
2/19/2015,3851.53,3515.09,2097.45
2/20/2015,3875.6,3536.93,2110.3
2/23/2015,3874.46,3535.88,2109.66
2/24/2015,3885.27,3545.72,2115.48
2/25/2015,3882.95,3543.41,2113.86
2/26/2015,3877.85,3538.59,2110.74
2/27/2015,3866.42,3528.15,2104.5
3/2/2015,3890.32,3549.9,2117.39
3/3/2015,3872.71,3533.82,2107.78
3/4/2015,3856.51,3518.82,2098.53
3/5/2015,3861.29,3523.13,2101.04
3/6/2015,3807.04,3473.5,2071.26
3/9/2015,3822.42,3487.43,2079.43
3/10/2015,3757.83,3428.44,2044.16
3/11/2015,3751.2,3422.23,2040.24
3/12/2015,3799.43,3465.97,2065.95
3/13/2015,3776.44,3444.97,2053.4
3/16/2015,3827.62,3491.64,2081.19
3/17/2015,3814.91,3480.05,2074.28
3/18/2015,3861.39,3522.42,2099.5
3/19/2015,3842.62,3505.29,2089.27
3/20/2015,3877.26,3536.88,2108.1
3/23/2015,3870.49,3530.71,2104.42
3/24/2015,3847.05,3509.24,2091.5
3/25/2015,3791.13,3458.2,2061.05
3/26/2015,3782.21,3450.04,2056.15
3/27/2015,3791.9,3458.68,2061.02
3/30/2015,3838.65,3501.23,2086.24
3/31/2015,3805.27,3470.67,2067.89
4/1/2015,3790.66,3457.22,2059.69
4/2/2015,3804.14,3469.49,2066.96
4/6/2015,3829.31,3492.43,2080.62
4/7/2015,3821.49,3485.28,2076.33
4/8/2015,3833.2,3495.56,2081.9
4/9/2015,3850.29,3511.15,2091.18
4/10/2015,3870.31,3529.41,2102.06
4/13/2015,3852.93,3513.46,2092.43
4/14/2015,3859.22,3519.19,2095.84
4/15/2015,3879.1,3537.31,2106.63
4/16/2015,3876.17,3534.62,2104.99
4/17/2015,3832.33,3494.64,2081.18
4/20/2015,3867.82,3526.98,2100.4
4/21/2015,3862.15,3521.79,2097.29
4/22/2015,3881.93,3539.8,2107.96
4/23/2015,3891.46,3548.38,2112.93
4/24/2015,3900.24,3556.38,2117.69
4/27/2015,3884.1,3541.66,2108.92
4/28/2015,3895.21,3551.7,2114.76
4/29/2015,3880.9,3538.58,2106.85
4/30/2015,3841.78,3502.86,2085.51
5/1/2015,3883.75,3541.12,2108.29
5/4/2015,3895.16,3551.53,2114.49
5/5/2015,3849.41,3509.72,2089.46
5/6/2015,3833.7,3494.99,2080.15
5/7/2015,3849.13,3508.8,2088
5/8/2015,3901.01,3556.07,2116.1
5/11/2015,3881.93,3538.47,2105.33
5/12/2015,3870.69,3528.16,2099.12
5/13/2015,3870.36,3527.63,2098.48
5/14/2015,3912.52,3565.93,2121.1
5/15/2015,3915.99,3568.98,2122.73
5/18/2015,3928.15,3580,2129.2
5/19/2015,3926.41,3578.19,2127.83
5/20/2015,3923.18,3575.13,2125.85
5/21/2015,3932.9,3583.84,2130.82
5/22/2015,3924.16,3575.87,2126.06
5/26/2015,3883.88,3539.14,2104.2
5/27/2015,3920.11,3571.98,2123.48
5/28/2015,3915.82,3567.89,2120.79
5/29/2015,3891.18,3545.41,2107.39
6/1/2015,3899.59,3552.96,2111.73
6/2/2015,3895.85,3549.5,2109.6
6/3/2015,3904.83,3557.49,2114.07
6/4/2015,3871.23,3526.86,2095.84
6/5/2015,3865.83,3521.89,2092.83
6/8/2015,3841.45,3499.5,2079.28
6/9/2015,3843.16,3501.03,2080.15
6/10/2015,3889.7,3543.36,2105.2
6/11/2015,3897.59,3550.24,2108.86
6/12/2015,3870.56,3525.56,2094.11
6/15/2015,3852.75,3509.31,2084.43
6/16/2015,3874.73,3529.32,2096.29
6/17/2015,3882.49,3536.36,2100.44
6/18/2015,3921.43,3571.69,2121.24
6/19/2015,3900.64,3552.75,2109.99
6/22/2015,3924.41,3574.4,2122.85
6/23/2015,3927.23,3576.88,2124.2
6/24/2015,3898.47,3550.66,2108.58
6/25/2015,3887.04,3540.2,2102.31
6/26/2015,3886.21,3539.26,2101.49
6/29/2015,3805.5,3465.66,2057.64
6/30/2015,3815.85,3475.02,2063.11
7/1/2015,3843.26,3499.72,2077.42
7/2/2015,3842.06,3498.63,2076.78
7/6/2015,3827.35,3485.2,2068.76
7/7/2015,3850.66,3506.42,2081.34
7/8/2015,3787.67,3448.75,2046.68
7/9/2015,3796.26,3456.57,2051.31
7/10/2015,3843.1,3499.21,2076.62
7/13/2015,3885.97,3538.15,2099.6
7/14/2015,3903.31,3553.93,2108.95
7/15/2015,3900.5,3551.36,2107.4
7/16/2015,3931.85,3579.88,2124.29
7/17/2015,3936.22,3583.85,2126.64
7/20/2015,3939.35,3586.67,2128.28
7/21/2015,3922.7,3571.48,2119.21
7/22/2015,3913.75,3563.21,2114.15
7/23/2015,3891.79,3543.15,2102.15
7/24/2015,3850.15,3505.24,2079.65
7/27/2015,3827.93,3485,2067.64
7/28/2015,3875.37,3528.19,2093.25
7/29/2015,3904.21,3554.31,2108.57
7/30/2015,3904.64,3554.61,2108.63
7/31/2015,3895.8,3546.56,2103.84
8/3/2015,3885.07,3536.79,2098.04
8/4/2015,3876.44,3528.91,2093.32
8/5/2015,3889.99,3540.84,2099.84
8/6/2015,3860.92,3514.08,2083.56
8/7/2015,3849.96,3504.06,2077.57
8/10/2015,3899.36,3549.01,2104.18
8/11/2015,3862.81,3515.54,2084.07
8/12/2015,3867.37,3519.45,2086.05
8/13/2015,3863.03,3515.34,2083.39
8/14/2015,3878.16,3529.1,2091.54
8/17/2015,3899.1,3547.96,2102.44
8/18/2015,3889.6,3539.11,2096.92
8/19/2015,3857.74,3510.06,2079.61
8/20/2015,3776.36,3436,2035.73
8/21/2015,3656.67,3326.94,1970.89
8/24/2015,3512.65,3195.88,1893.21
8/25/2015,3465.19,3152.68,1867.61
8/26/2015,3600.73,3275.93,1940.51
8/27/2015,3688.6,3355.77,1987.66
8/28/2015,3691.3,3358.1,1988.87
8/31/2015,3660.75,3330.19,1972.18
9/1/2015,3552.65,3231.81,1913.85
9/2/2015,3618.25,3291.32,1948.86
9/3/2015,3622.66,3295.27,1951.13
9/4/2015,3567.41,3244.94,1921.22
9/8/2015,3657.32,3326.61,1969.41
9/9/2015,3606.8,3280.57,1942.04
9/10/2015,3626.14,3298.08,1952.29
9/11/2015,3643.54,3313.59,1961.05
9/14/2015,3628.87,3300.19,1953.03
9/15/2015,3675.48,3342.56,1978.09
9/16/2015,3707.62,3371.76,1995.31
9/17/2015,3698.74,3363.51,1990.2
9/18/2015,3638.99,3309.16,1958.03
9/21/2015,3655.64,3324.29,1966.97
9/22/2015,3610.7,3283.41,1942.74
9/23/2015,3603.49,3276.79,1938.76
9/24/2015,3591.37,3265.78,1932.24
9/25/2015,3589.71,3264.26,1931.34
9/28/2015,3498.61,3181.14,1881.77
9/29/2015,3503.13,3185.19,1884.09
9/30/2015,3570.17,3246.09,1920.03
10/1/2015,3577.47,3252.66,1923.82
10/2/2015,3629.04,3299.45,1951.36
10/5/2015,3695.61,3359.92,1987.05
10/6/2015,3682.33,3347.85,1979.92
10/7/2015,3713.36,3375.67,1995.83
10/8/2015,3746.12,3405.45,2013.43
10/9/2015,3748.96,3408,2014.89
10/12/2015,3753.73,3412.33,2017.46
10/13/2015,3728.48,3389.28,2003.69
10/14/2015,3711.11,3373.43,1994.24
10/15/2015,3766.43,3423.66,2023.86
10/16/2015,3783.64,3439.31,2033.11
10/19/2015,3784.72,3440.28,2033.66
10/20/2015,3779.44,3435.44,2030.77
10/21/2015,3757.91,3415.75,2018.94
10/22/2015,3820.49,3472.6,2052.51
10/23/2015,3862.65,3510.92,2075.15
10/26/2015,3855.29,3504.22,2071.18
10/27/2015,3845.45,3495.27,2065.89
10/28/2015,3891.35,3536.9,2090.35
10/29/2015,3890.04,3535.58,2089.41
10/30/2015,3871.33,3518.58,2079.36
11/2/2015,3917.3,3560.36,2104.05
11/3/2015,3928.05,3570.11,2109.79
11/4/2015,3915.52,3558.34,2102.31
11/5/2015,3911.89,3554.83,2099.93
11/6/2015,3910.98,3553.88,2099.2
11/9/2015,3873.37,3519.48,2078.58
11/10/2015,3880.23,3525.43,2081.72
11/11/2015,3867.71,3514.06,2075
11/12/2015,3814.29,3465.34,2045.97
11/13/2015,3771.59,3426.53,2023.04
11/16/2015,3828.46,3478.01,2053.19
11/17/2015,3824.14,3473.87,2050.44
11/18/2015,3886.26,3530.22,2083.58
11/19/2015,3882.06,3526.36,2081.24
11/20/2015,3897.45,3540.17,2089.17
11/23/2015,3892.8,3535.91,2086.59
11/24/2015,3897.67,3540.3,2089.14
11/25/2015,3897.57,3540.1,2088.87
11/27/2015,3900.74,3542.74,2090.11
11/30/2015,3882.84,3526.43,2080.41
12/1/2015,3924.63,3564.3,2102.63
12/2/2015,3882.38,3525.68,2079.51
12/3/2015,3826.74,3475.1,2049.62
12/4/2015,3905.31,3546.45,2091.69
12/7/2015,3878.31,3521.85,2077.07
12/8/2015,3853.48,3499.21,2063.59
12/9/2015,3823.9,3472.29,2047.62
12/10/2015,3832.93,3480.37,2052.23
12/11/2015,3759.09,3413.16,2012.37
12/14/2015,3777.22,3429.55,2021.94
12/15/2015,3817.36,3465.99,2043.41
12/16/2015,3873.12,3516.52,2073.07
12/17/2015,3815.46,3464,2041.89
12/18/2015,3747.56,3402.36,2005.55
12/21/2015,3777.15,3429.11,2021.15
12/22/2015,3810.85,3459.59,2038.97
12/23/2015,3858.47,3502.74,2064.29
12/24/2015,3852.31,3497.15,2060.99
12/28/2015,3843.94,3489.54,2056.5
12/29/2015,3885.55,3527.11,2078.36
12/30/2015,3857.9,3501.9,2063.36
12/31/2015,3821.6,3468.95,2043.94
1/4/2016,3763.99,3416.42,2012.66
1/5/2016,3771.57,3423.3,2016.71
1/6/2016,3723.44,3379.25,1990.26
1/7/2016,3635.29,3299.22,1943.09
1/8/2016,3595.91,3263.47,1922.03
1/11/2016,3598.97,3266.26,1923.67
1/12/2016,3627.06,3291.75,1938.68
1/13/2016,3536.92,3209.83,1890.28
1/14/2016,3596.03,3263.45,1921.84
1/15/2016,3518.51,3193.06,1880.33
1/19/2016,3520.4,3194.78,1881.33
1/20/2016,3479.75,3157.74,1859.33
1/21/2016,3497.94,3174.21,1868.99
1/22/2016,3568.9,3238.61,1906.9
1/25/2016,3513.11,3187.97,1877.08
1/26/2016,3562.81,3233.07,1903.63
1/27/2016,3524.33,3198.09,1882.95
1/28/2016,3544.13,3215.98,1893.36
1/29/2016,3631.96,3295.65,1940.24
2/1/2016,3630.46,3294.26,1939.38
2/2/2016,3562.52,3232.58,1903.03
2/3/2016,3581.53,3249.5,1912.53
2/4/2016,3587.71,3254.91,1915.45
2/5/2016,3521.6,3194.88,1880.05
2/8/2016,3472.08,3149.86,1853.44
2/9/2016,3470.5,3148.24,1852.21
2/10/2016,3471.04,3148.4,1851.86
2/11/2016,3428.99,3110.08,1829.08
2/12/2016,3496.28,3171.02,1864.78
2/16/2016,3555.2,3224.14,1895.58
2/17/2016,3614.16,3277.51,1926.82
2/18/2016,3597.49,3262.34,1917.83
2/19/2016,3597.92,3262.58,1917.78
2/22/2016,3649.92,3309.74,1945.5
2/23/2016,3604.68,3268.66,1921.27
2/24/2016,3620.87,3283.29,1929.8
2/25/2016,3662.84,3321.1,1951.7
2/26/2016,3656.42,3315.17,1948.05
2/29/2016,3627.06,3288.45,1932.23
3/1/2016,3713.7,3366.99,1978.35
3/2/2016,3729.59,3381.21,1986.45
3/3/2016,3743.02,3393.28,1993.4
3/4/2016,3755.47,3404.55,1999.99
3/7/2016,3759.05,3407.72,2001.76
3/8/2016,3717.49,3369.86,1979.26
3/9/2016,3736.92,3387.3,1989.26
3/10/2016,3737.74,3387.97,1989.57
3/11/2016,3800.07,3444.19,2022.19
3/14/2016,3795.53,3440,2019.64
3/15/2016,3788.62,3433.72,2015.93
3/16/2016,3810.09,3453.11,2027.22
3/17/2016,3835.26,3475.92,2040.59
3/18/2016,3852.15,3491.22,2049.58
3/21/2016,3855.97,3494.68,2051.6
3/22/2016,3853.18,3491.99,2049.8
3/23/2016,3828.58,3469.7,2036.71
3/24/2016,3827.14,3468.38,2035.94
3/28/2016,3829.26,3470.3,2037.05
3/29/2016,3863.8,3501.4,2055.01
3/30/2016,3881.01,3516.88,2063.95
3/31/2016,3873.11,3509.72,2059.74
4/1/2016,3897.66,3531.95,2072.78
4/4/2016,3886,3521.16,2066.13
4/5/2016,3846.59,3485.44,2045.17
4/6/2016,3888.41,3522.96,2066.66
4/7/2016,3841.98,3480.85,2041.91
4/8/2016,3852.72,3490.58,2047.6
4/11/2016,3842.17,3481.01,2041.99
4/12/2016,3879.42,3514.73,2061.72
4/13/2016,3918.95,3550.39,2082.42
4/14/2016,3920.03,3551.25,2082.78
4/15/2016,3916.17,3547.76,2080.73
4/18/2016,3941.86,3571.01,2094.34
4/19/2016,3954.01,3582.02,2100.8
4/20/2016,3957.25,3584.89,2102.4
4/21/2016,3936.8,3566.34,2091.48
4/22/2016,3937,3566.52,2091.58
4/25/2016,3929.88,3560.06,2087.79
4/26/2016,3937.23,3566.72,2091.7
4/27/2016,3944.02,3572.8,2095.15
4/28/2016,3907.88,3539.99,2075.81
4/29/2016,3888.13,3522.08,2065.3
5/2/2016,3918.53,3549.61,2081.43
5/3/2016,3884.63,3518.87,2063.37
5/4/2016,3862.4,3498.51,2051.12
5/5/2016,3862.4,3498.26,2050.63
5/6/2016,3875.18,3509.7,2057.14
5/9/2016,3878.14,3512.37,2058.69
5/10/2016,3926.63,3556.26,2084.39
5/11/2016,3891.13,3523.56,2064.46
5/12/2016,3890.85,3523.2,2064.11
5/13/2016,3858.17,3493.52,2046.61
5/16/2016,3896.36,3527.99,2066.66
5/17/2016,3860.88,3495.55,2047.21
5/18/2016,3862.25,3496.63,2047.63
5/19/2016,3847.97,3483.7,2040.04
5/20/2016,3871.75,3505.05,2052.32
5/23/2016,3863.82,3497.84,2048.04
5/24/2016,3916.77,3545.74,2076.06
5/25/2016,3944.33,3570.63,2090.54
5/26/2016,3944.05,3570.23,2090.1
5/27/2016,3961.67,3585.98,2099.06
5/31/2016,3957.95,3582.55,2096.96
6/1/2016,3963.1,3587.03,2099.33
6/2/2016,3974.76,3597.46,2105.26
6/3/2016,3963.23,3587.01,2099.13
6/6/2016,3982.74,3604.64,2109.41
6/7/2016,3987.96,3609.34,2112.13
6/8/2016,4001.98,3621.81,2119.12
6/9/2016,3995.28,3615.7,2115.48
6/10/2016,3958.68,3582.56,2096.07
6/13/2016,3927.73,3554.23,2079.06
6/14/2016,3920.93,3548,2075.32
6/15/2016,3914.02,3541.67,2071.5
6/16/2016,3926.93,3553.18,2077.99
6/17/2016,3914.15,3541.61,2071.22
6/20/2016,3936.91,3562.19,2083.25
6/21/2016,3947.94,3572.08,2088.9
6/22/2016,3941.45,3566.2,2085.45
6/23/2016,3994.18,3613.89,2113.32
6/24/2016,3850.7,3484.07,2037.41
6/27/2016,3781.02,3421.02,2000.54
6/28/2016,3849.05,3482.35,2036.09
6/29/2016,3915.1,3541.98,2070.77
6/30/2016,3968.21,3590.02,2098.86
7/1/2016,3976.68,3597.49,2102.95
7/5/2016,3949.72,3573.02,2088.55
7/6/2016,3972.26,3593.04,2099.73
7/7/2016,3969.19,3590.15,2097.9
7/8/2016,4029.75,3644.92,2129.9
7/11/2016,4043.49,3657.35,2137.16
7/12/2016,4071.85,3683,2152.14
7/13/2016,4072.77,3683.73,2152.43
7/14/2016,4094.28,3703.16,2163.75
7/15/2016,4090.49,3699.73,2161.74
7/18/2016,4100.4,3708.65,2166.89
7/19/2016,4094.61,3703.39,2163.78
7/20/2016,4112.61,3719.52,2173.02
7/21/2016,4097.82,3706.13,2165.17
7/22/2016,4116.5,3723.02,2175.03
7/25/2016,4104.13,3711.82,2168.48
7/26/2016,4105.57,3713.1,2169.18
7/27/2016,4100.81,3708.75,2166.58
7/28/2016,4107.75,3714.93,2170.06
7/29/2016,4114.51,3721.03,2173.6
8/1/2016,4109.28,3716.3,2170.84
8/2/2016,4083.25,3692.73,2157.03
8/3/2016,4097.3,3705.1,2163.79
8/4/2016,4099.21,3706.54,2164.25
8/5/2016,4134.56,3738.48,2182.87
8/8/2016,4131.19,3735.33,2180.89
8/9/2016,4132.96,3736.88,2181.74
8/10/2016,4122.65,3727.15,2175.49
8/11/2016,4142.72,3745.15,2185.79
8/12/2016,4139.63,3742.3,2184.05
8/15/2016,4151.69,3753.06,2190.15
8/16/2016,4129.68,3732.96,2178.15
8/17/2016,4138.42,3740.59,2182.22
8/18/2016,4147.64,3748.89,2187.02
8/19/2016,4142.23,3743.84,2183.87
8/22/2016,4139.97,3741.79,2182.64
8/23/2016,4148.16,3749.16,2186.9
8/24/2016,4126.65,3729.65,2175.44
8/25/2016,4121.09,3724.61,2172.47
8/26/2016,4114.68,3718.79,2169.04
8/29/2016,4136.75,3738.58,2180.38
8/30/2016,4129.34,3731.71,2176.12
8/31/2016,4120.29,3723.32,2170.95
9/1/2016,4120.17,3723.2,2170.86
9/2/2016,4137.7,3738.98,2179.98
9/6/2016,4150.11,3750.17,2186.48
9/7/2016,4150.51,3750.26,2186.16
9/8/2016,4141.46,3742.04,2181.3
9/9/2016,4039.95,3650.31,2127.81
9/12/2016,4099.47,3704.03,2159.04
9/13/2016,4039.92,3649.88,2127.02
9/14/2016,4037.83,3647.91,2125.77
9/15/2016,4079.32,3685.22,2147.26
9/16/2016,4063.97,3671.34,2139.16
9/19/2016,4063.94,3671.3,2139.12
9/20/2016,4065.2,3672.43,2139.76
9/21/2016,4109.63,3712.55,2163.12
9/22/2016,4136.41,3736.73,2177.18
9/23/2016,4112.69,3715.29,2164.69
9/26/2016,4077.71,3683.6,2146.1
9/27/2016,4104.18,3707.46,2159.93
9/28/2016,4126.83,3727.67,2171.37
9/29/2016,4088.47,3692.99,2151.13
9/30/2016,4121.06,3722.43,2168.27
10/3/2016,4108.13,3710.61,2161.2
10/4/2016,4088.17,3692.47,2150.49
10/5/2016,4107.4,3709.39,2159.73
10/6/2016,4109.49,3711.25,2160.77
10/7/2016,4096.25,3699.26,2153.74
10/10/2016,4115.12,3716.3,2163.66
10/11/2016,4063.92,3670.05,2136.73
10/12/2016,4068.92,3674.48,2139.18
10/13/2016,4056.45,3663.18,2132.55
10/14/2016,4057.28,3663.92,2132.98
10/17/2016,4045.07,3652.87,2126.5
10/18/2016,4069.99,3675.37,2139.6
10/19/2016,4079.5,3683.8,2144.29
10/20/2016,4074.18,3678.92,2141.34
10/21/2016,4073.85,3678.62,2141.16
10/24/2016,4093.22,3696.11,2151.33
10/25/2016,4077.8,3682.15,2143.16
10/26/2016,4070.76,3675.77,2139.43
10/27/2016,4058.75,3664.88,2133.04
10/28/2016,4046.36,3653.64,2126.41
10/31/2016,4045.89,3653.21,2126.15
11/1/2016,4018.47,3628.44,2111.72
11/2/2016,3992.76,3605.09,2097.94
11/3/2016,3976.56,3590.06,2088.66
11/4/2016,3970.02,3584.13,2085.18
11/7/2016,4058.3,3663.82,2131.52
11/8/2016,4075.61,3678.9,2139.56
11/9/2016,4121.03,3719.83,2163.26
11/10/2016,4129.46,3727.33,2167.48
11/11/2016,4123.69,3722.12,2164.45
11/14/2016,4123.81,3722.07,2164.2
11/15/2016,4155.62,3750.52,2180.39
11/16/2016,4150.21,3745.32,2176.94
11/17/2016,4169.87,3762.99,2187.12
11/18/2016,4160.58,3754.43,2181.9
11/21/2016,4191.68,3782.49,2198.18
11/22/2016,4200.95,3790.79,2202.94
11/23/2016,4204.49,3793.95,2204.72
11/25/2016,4221.02,3808.85,2213.35
11/28/2016,4199.39,3789.18,2201.72
11/29/2016,4205.99,3794.86,2204.66
11/30/2016,4195.73,3785.37,2198.81
12/1/2016,4181.15,3772.17,2191.08
12/2/2016,4182.81,3773.67,2191.95
12/5/2016,4207.57,3795.89,2204.71
12/6/2016,4222.04,3808.91,2212.23
12/7/2016,4278.44,3859.57,2241.35
12/8/2016,4288.1,3868.17,2246.19
12/9/2016,4313.61,3891.17,2259.53
12/12/2016,4308.94,3886.9,2256.96
12/13/2016,4337.86,3912.78,2271.72
12/14/2016,4302.93,3881.2,2253.28
12/15/2016,4319.84,3896.4,2262.03
12/16/2016,4312.4,3889.65,2258.07
12/19/2016,4321.02,3897.4,2262.53
12/20/2016,4337.36,3911.97,2270.76
12/21/2016,4326.85,3902.45,2265.18
12/22/2016,4319.33,3895.52,2260.96
12/23/2016,4325.17,3900.67,2263.79
12/27/2016,4334.93,3909.46,2268.88
12/28/2016,4299.45,3877.27,2249.92
12/29/2016,4298.39,3876.25,2249.26
12/30/2016,4278.66,3858.41,2238.83
1/3/2017,4315.08,3891.22,2257.83
1/4/2017,4340.75,3914.11,2270.75
1/5/2017,4337.45,3911.12,2269
1/6/2017,4354.05,3925.72,2276.98
1/9/2017,4338.62,3911.81,2268.9
1/10/2017,4338.64,3911.82,2268.9
1/11/2017,4351.32,3923.14,2275.32
1/12/2017,4342.09,3914.79,2270.44
1/13/2017,4350.11,3922.02,2274.64
1/17/2017,4337.2,3910.39,2267.89
1/18/2017,4345.57,3917.73,2271.89
1/19/2017,4329.96,3903.64,2263.69
1/20/2017,4344.67,3916.87,2271.31
1/23/2017,4333.1,3906.41,2265.2
1/24/2017,4361.56,3932.06,2280.07
1/25/2017,4396.57,3963.62,2298.37
1/26/2017,4393.43,3960.76,2296.68
1/27/2017,4389.85,3957.48,2294.69
1/30/2017,4363.67,3933.82,2280.9
1/31/2017,4359.81,3930.34,2278.87
2/1/2017,4362.1,3932.14,2279.55
2/2/2017,4364.85,3934.54,2280.85
2/3/2017,4396.95,3963.37,2297.42
2/6/2017,4387.67,3955,2292.56
2/7/2017,4388.87,3956.02,2293.08
2/8/2017,4393.31,3959.65,2294.67
2/9/2017,4419.4,3982.95,2307.87
2/10/2017,4435.42,3997.31,2316.1
2/13/2017,4459.83,4019,2328.25
2/14/2017,4478.98,4035.92,2337.58
2/15/2017,4501.99,4056.47,2349.25
2/16/2017,4498.56,4053.26,2347.22
2/17/2017,4506.2,4060.12,2351.16
2/21/2017,4533.46,4084.68,2365.38
2/22/2017,4528.97,4080.51,2362.82
2/23/2017,4531.39,4082.55,2363.81
2/24/2017,4539.25,4089.34,2367.34
2/27/2017,4544.51,4093.91,2369.75
2/28/2017,4532.93,4083.43,2363.64
3/1/2017,4595.73,4139.79,2395.96
3/2/2017,4569.17,4115.77,2381.92
3/3/2017,4571.6,4117.92,2383.12
3/6/2017,4556.72,4104.49,2375.31
3/7/2017,4543.75,4092.73,2368.39
3/8/2017,4534.68,4084.2,2362.98
3/9/2017,4538.36,4087.5,2364.87
3/10/2017,4553.28,4100.91,2372.6
3/13/2017,4556.44,4103.36,2373.47
3/14/2017,4541.26,4089.63,2365.45
3/15/2017,4579.44,4123.98,2385.26
3/16/2017,4572.16,4117.37,2381.38
3/17/2017,4566.17,4111.97,2378.25
3/20/2017,4557.12,4103.79,2373.47
3/21/2017,4500.98,4053.12,2344.02
3/22/2017,4509.65,4060.88,2348.45
3/23/2017,4504.92,4056.62,2345.96
3/24/2017,4501.11,4053.18,2343.98
3/27/2017,4496.53,4049.06,2341.59
3/28/2017,4529.17,4078.44,2358.57
3/29/2017,4535.01,4083.45,2361.13
3/30/2017,4548.46,4095.52,2368.06
3/31/2017,4538.21,4086.29,2362.72
4/3/2017,4530.98,4079.71,2358.84
4/4/2017,4534.25,4082.46,2360.16
4/5/2017,4520.86,4070.28,2352.95
4/6/2017,4530.93,4078.98,2357.49
4/7/2017,4527.2,4075.63,2355.54
4/10/2017,4530.57,4078.59,2357.16
4/11/2017,4524.71,4073.14,2353.78
4/12/2017,4507.76,4057.87,2344.93
4/13/2017,4477.07,4030.23,2328.95
4/17/2017,4515.65,4064.96,2349.01
4/18/2017,4502.66,4053.23,2342.19
4/19/2017,4495.56,4046.67,2338.17
4/20/2017,4529.65,4077.32,2355.84
4/21/2017,4515.9,4064.95,2348.69
4/24/2017,4564.93,4109.06,2374.15
4/25/2017,4592.74,4134.1,2388.61
4/26/2017,4590.56,4132.12,2387.45
4/27/2017,4593.57,4134.7,2388.77
4/28/2017,4584.82,4126.81,2384.2
5/1/2017,4592.78,4133.97,2388.33
5/2/2017,4598.24,4138.89,2391.17
5/3/2017,4593.32,4134.21,2388.13
5/4/2017,4596.24,4136.77,2389.52
5/5/2017,4615.09,4153.72,2399.29
5/8/2017,4615.73,4154.17,2399.38
5/9/2017,4611.21,4150.04,2396.92
5/10/2017,4618.19,4155.85,2399.63
5/11/2017,4609.69,4147.8,2394.44
5/12/2017,4602.96,4141.72,2390.9
5/15/2017,4625.51,4161.86,2402.32
5/16/2017,4623.26,4159.59,2400.67
5/17/2017,4540.58,4084.83,2357.03
5/18/2017,4557.41,4099.94,2365.72
5/19/2017,4588.35,4127.75,2381.73
5/22/2017,4612.12,4149.11,2394.02
5/23/2017,4620.7,4156.8,2398.42
5/24/2017,4632.37,4167.26,2404.39
5/25/2017,4653.59,4186.17,2415.07
5/26/2017,4655.65,4187.86,2415.82
5/30/2017,4650.76,4183.26,2412.91
5/31/2017,4649.34,4181.79,2411.8
6/1/2017,4685.11,4213.81,2430.06
6/2/2017,4702.56,4229.48,2439.07
6/5/2017,4697,4224.44,2436.1
6/6/2017,4683.96,4212.71,2429.33
6/7/2017,4692.29,4219.93,2433.14
6/8/2017,4693.67,4221.14,2433.79
6/9/2017,4689.79,4217.65,2431.77
6/12/2017,4685.54,4213.73,2429.39
6/13/2017,4707.88,4233.5,2440.35
6/14/2017,4703.53,4229.5,2437.92
6/15/2017,4693.86,4220.57,2432.46
6/16/2017,4695.23,4221.79,2433.15
6/19/2017,4734.48,4257.07,2453.46
6/20/2017,4702.82,4228.59,2437.03
6/21/2017,4700.5,4226.39,2435.61
6/22/2017,4698.4,4224.49,2434.5
6/23/2017,4705.73,4231.08,2438.3
6/26/2017,4707.27,4232.45,2439.07
6/27/2017,4669.27,4198.28,2419.38
6/28/2017,4711.33,4235.85,2440.69
6/29/2017,4670.96,4199.51,2419.7
6/30/2017,4678.36,4206.1,2423.41
7/3/2017,4689.61,4216.1,2429.01
7/5/2017,4697.34,4222.81,2432.54
7/6/2017,4655.02,4184.31,2409.75
7/7/2017,4684.88,4211.13,2425.18
7/10/2017,4689.25,4215.05,2427.43
7/11/2017,4685.64,4211.79,2425.53
7/12/2017,4720.28,4242.82,2443.25
7/13/2017,4729.25,4250.85,2447.83
7/14/2017,4751.43,4270.76,2459.27
7/17/2017,4751.33,4270.63,2459.14
7/18/2017,4754.27,4273.25,2460.61
7/19/2017,4780.25,4296.48,2473.83
7/20/2017,4779.84,4296.02,2473.45
7/21/2017,4778.07,4294.44,2472.54
7/24/2017,4773.1,4289.94,2469.91
7/25/2017,4787.04,4302.47,2477.13
7/26/2017,4788.41,4303.7,2477.83
7/27/2017,4784.26,4299.83,2475.42
7/28/2017,4778.02,4294.17,2472.1
7/31/2017,4774.56,4291.06,2470.3
8/1/2017,4786.27,4301.58,2476.35
8/2/2017,4789.54,4304.27,2477.57
8/3/2017,4779.99,4295.44,2472.16
8/4/2017,4789.11,4303.62,2476.83
8/7/2017,4797.13,4310.79,2480.91
8/8/2017,4786.12,4300.74,2474.92
8/9/2017,4784.94,4299.53,2474.02
8/10/2017,4717.4,4238.38,2438.21
8/11/2017,4723.73,4243.98,2441.32
8/14/2017,4771.43,4286.76,2465.84
8/15/2017,4770.15,4285.32,2464.61
8/16/2017,4778.28,4292.26,2468.11
8/17/2017,4704.73,4226.13,2430.01
8/18/2017,4696.22,4218.46,2425.55
8/21/2017,4701.82,4223.44,2428.37
8/22/2017,4748.73,4265.54,2452.51
8/23/2017,4732.76,4251.08,2444.04
8/24/2017,4723.03,4242.31,2438.97
8/25/2017,4731.46,4249.74,2443.05
8/28/2017,4733.97,4251.94,2444.24
8/29/2017,4738.62,4255.94,2446.3
8/30/2017,4761.72,4276.36,2457.59
8/31/2017,4789.18,4300.96,2471.65
9/1/2017,4798.99,4309.68,2476.55
9/5/2017,4762.75,4277.14,2457.85
9/6/2017,4777.69,4290.55,2465.54
9/7/2017,4777.93,4290.47,2465.1
9/8/2017,4771.02,4284.21,2461.43
9/11/2017,4822.8,4330.68,2488.11
9/12/2017,4839.31,4345.44,2496.48
9/13/2017,4843.04,4348.77,2498.37
9/14/2017,4839.29,4344.97,2495.62
9/15/2017,4848.84,4353.38,2500.23
9/18/2017,4856.08,4359.83,2503.87
9/19/2017,4861.52,4364.7,2506.65
9/20/2017,4864.61,4367.47,2508.24
9/21/2017,4849.95,4354.28,2500.6
9/22/2017,4853.2,4357.16,2502.22
9/25/2017,4842.41,4347.48,2496.66
9/26/2017,4843.14,4348.03,2496.84
9/27/2017,4862.93,4365.8,2507.04
9/28/2017,4869.81,4371.7,2510.06
9/29/2017,4887.97,4387.97,2519.36
10/2/2017,4906.92,4404.97,2529.12
10/3/2017,4917.73,4414.62,2534.58
10/4/2017,4924.19,4420.33,2537.74
10/5/2017,4952.85,4445.82,2552.07
10/6/2017,4949.09,4442.04,2549.33
10/9/2017,4940.16,4434.02,2544.73
10/10/2017,4951.77,4444.4,2550.64
10/11/2017,4960.79,4452.47,2555.24
10/12/2017,4952.85,4445.24,2550.93
10/13/2017,4957.27,4449.18,2553.17
10/16/2017,4966.05,4457.03,2557.64
10/17/2017,4969.38,4460.03,2559.36
10/18/2017,4973.28,4463.47,2561.26
10/19/2017,4975.32,4465.19,2562.1
10/20/2017,5001.11,4488.25,2575.21
10/23/2017,4981.37,4470.49,2564.98
10/24/2017,4989.56,4477.81,2569.13
10/25/2017,4966.29,4456.93,2557.15
10/26/2017,4972.6,4462.59,2560.4
10/27/2017,5012.75,4498.62,2581.07
10/30/2017,4997.15,4484.51,2572.83
10/31/2017,5002.03,4488.85,2575.26
11/1/2017,5009.99,4495.99,2579.36
11/2/2017,5011.48,4497.19,2579.85
11/3/2017,5027.49,4511.42,2587.84
11/6/2017,5034.3,4517.42,2591.13
11/7/2017,5033.38,4516.59,2590.64
11/8/2017,5040.74,4523.16,2594.38
11/9/2017,5023.01,4506.92,2584.62
11/10/2017,5020.31,4504.01,2582.3
11/13/2017,5025.36,4508.52,2584.84
11/14/2017,5014.53,4498.59,2578.87
11/15/2017,4987.96,4474.45,2564.62
11/16/2017,5030.48,4512.15,2585.64
11/17/2017,5017.45,4500.42,2578.85
,,,
,,,
,,,
,,,
